ocel:oid,ocel:type,lot_id,slot_no,area,module_type
L1001_01,Product,L1001,1.0,,
L1001_02,Product,L1001,2.0,,
L1001_03,Product,L1001,3.0,,
L1001_04,Product,L1001,4.0,,
L1001_05,Product,L1001,5.0,,
L1001_06,Product,L1001,6.0,,
L1001_07,Product,L1001,7.0,,
L1001_08,Product,L1001,8.0,,
L1001_09,Product,L1001,9.0,,
L1001_10,Product,L1001,10.0,,
L1001_11,Product,L1001,11.0,,
L1001_12,Product,L1001,12.0,,
L1001_13,Product,L1001,13.0,,
L1001_14,Product,L1001,14.0,,
L1001_15,Product,L1001,15.0,,
L1001_16,Product,L1001,16.0,,
L1001_17,Product,L1001,17.0,,
L1001_18,Product,L1001,18.0,,
L1001_19,Product,L1001,19.0,,
L1001_20,Product,L1001,20.0,,
L1001_21,Product,L1001,21.0,,
L1001_22,Product,L1001,22.0,,
L1001_23,Product,L1001,23.0,,
L1001_24,Product,L1001,24.0,,
L1002_01,Product,L1002,1.0,,
L1002_02,Product,L1002,2.0,,
L1002_03,Product,L1002,3.0,,
L1002_04,Product,L1002,4.0,,
L1002_05,Product,L1002,5.0,,
L1002_06,Product,L1002,6.0,,
L1002_07,Product,L1002,7.0,,
L1002_08,Product,L1002,8.0,,
L1002_09,Product,L1002,9.0,,
L1002_10,Product,L1002,10.0,,
L1002_11,Product,L1002,11.0,,
L1002_12,Product,L1002,12.0,,
L1002_13,Product,L1002,13.0,,
L1002_14,Product,L1002,14.0,,
L1002_15,Product,L1002,15.0,,
L1002_16,Product,L1002,16.0,,
L1002_17,Product,L1002,17.0,,
L1002_18,Product,L1002,18.0,,
L1002_19,Product,L1002,19.0,,
L1002_20,Product,L1002,20.0,,
L1002_21,Product,L1002,21.0,,
L1002_22,Product,L1002,22.0,,
L1002_23,Product,L1002,23.0,,
L1002_24,Product,L1002,24.0,,
L1003_01,Product,L1003,1.0,,
L1003_02,Product,L1003,2.0,,
L1003_03,Product,L1003,3.0,,
L1003_04,Product,L1003,4.0,,
L1003_05,Product,L1003,5.0,,
L1003_06,Product,L1003,6.0,,
L1003_07,Product,L1003,7.0,,
L1003_08,Product,L1003,8.0,,
L1003_09,Product,L1003,9.0,,
L1003_10,Product,L1003,10.0,,
L1003_11,Product,L1003,11.0,,
L1003_12,Product,L1003,12.0,,
L1003_13,Product,L1003,13.0,,
L1003_14,Product,L1003,14.0,,
L1003_15,Product,L1003,15.0,,
L1003_16,Product,L1003,16.0,,
L1003_17,Product,L1003,17.0,,
L1003_18,Product,L1003,18.0,,
L1003_19,Product,L1003,19.0,,
L1003_20,Product,L1003,20.0,,
L1003_21,Product,L1003,21.0,,
L1003_22,Product,L1003,22.0,,
L1003_23,Product,L1003,23.0,,
L1003_24,Product,L1003,24.0,,
L1004_01,Product,L1004,1.0,,
L1004_02,Product,L1004,2.0,,
L1004_03,Product,L1004,3.0,,
L1004_04,Product,L1004,4.0,,
L1004_05,Product,L1004,5.0,,
L1004_06,Product,L1004,6.0,,
L1004_07,Product,L1004,7.0,,
L1004_08,Product,L1004,8.0,,
L1004_09,Product,L1004,9.0,,
L1004_10,Product,L1004,10.0,,
L1004_11,Product,L1004,11.0,,
L1004_12,Product,L1004,12.0,,
L1004_13,Product,L1004,13.0,,
L1004_14,Product,L1004,14.0,,
L1004_15,Product,L1004,15.0,,
L1004_16,Product,L1004,16.0,,
L1004_17,Product,L1004,17.0,,
L1004_18,Product,L1004,18.0,,
L1004_19,Product,L1004,19.0,,
L1004_20,Product,L1004,20.0,,
L1004_21,Product,L1004,21.0,,
L1004_22,Product,L1004,22.0,,
L1004_23,Product,L1004,23.0,,
L1004_24,Product,L1004,24.0,,
L1005_01,Product,L1005,1.0,,
L1005_02,Product,L1005,2.0,,
L1005_03,Product,L1005,3.0,,
L1005_04,Product,L1005,4.0,,
L1005_05,Product,L1005,5.0,,
L1005_06,Product,L1005,6.0,,
L1005_07,Product,L1005,7.0,,
L1005_08,Product,L1005,8.0,,
L1005_09,Product,L1005,9.0,,
L1005_10,Product,L1005,10.0,,
L1005_11,Product,L1005,11.0,,
L1005_12,Product,L1005,12.0,,
L1005_13,Product,L1005,13.0,,
L1005_14,Product,L1005,14.0,,
L1005_15,Product,L1005,15.0,,
L1005_16,Product,L1005,16.0,,
L1005_17,Product,L1005,17.0,,
L1005_18,Product,L1005,18.0,,
L1005_19,Product,L1005,19.0,,
L1005_20,Product,L1005,20.0,,
L1005_21,Product,L1005,21.0,,
L1005_22,Product,L1005,22.0,,
L1005_23,Product,L1005,23.0,,
L1005_24,Product,L1005,24.0,,
L1006_01,Product,L1006,1.0,,
L1006_02,Product,L1006,2.0,,
L1006_03,Product,L1006,3.0,,
L1006_04,Product,L1006,4.0,,
L1006_05,Product,L1006,5.0,,
L1006_06,Product,L1006,6.0,,
L1006_07,Product,L1006,7.0,,
L1006_08,Product,L1006,8.0,,
L1006_09,Product,L1006,9.0,,
L1006_10,Product,L1006,10.0,,
L1006_11,Product,L1006,11.0,,
L1006_12,Product,L1006,12.0,,
L1006_13,Product,L1006,13.0,,
L1006_14,Product,L1006,14.0,,
L1006_15,Product,L1006,15.0,,
L1006_16,Product,L1006,16.0,,
L1006_17,Product,L1006,17.0,,
L1006_18,Product,L1006,18.0,,
L1006_19,Product,L1006,19.0,,
L1006_20,Product,L1006,20.0,,
L1006_21,Product,L1006,21.0,,
L1006_22,Product,L1006,22.0,,
L1006_23,Product,L1006,23.0,,
L1006_24,Product,L1006,24.0,,
L1007_01,Product,L1007,1.0,,
L1007_02,Product,L1007,2.0,,
L1007_03,Product,L1007,3.0,,
L1007_04,Product,L1007,4.0,,
L1007_05,Product,L1007,5.0,,
L1007_06,Product,L1007,6.0,,
L1007_07,Product,L1007,7.0,,
L1007_08,Product,L1007,8.0,,
L1007_09,Product,L1007,9.0,,
L1007_10,Product,L1007,10.0,,
L1007_11,Product,L1007,11.0,,
L1007_12,Product,L1007,12.0,,
L1007_13,Product,L1007,13.0,,
L1007_14,Product,L1007,14.0,,
L1007_15,Product,L1007,15.0,,
L1007_16,Product,L1007,16.0,,
L1007_17,Product,L1007,17.0,,
L1007_18,Product,L1007,18.0,,
L1007_19,Product,L1007,19.0,,
L1007_20,Product,L1007,20.0,,
L1007_21,Product,L1007,21.0,,
L1007_22,Product,L1007,22.0,,
L1007_23,Product,L1007,23.0,,
L1007_24,Product,L1007,24.0,,
L1008_01,Product,L1008,1.0,,
L1008_02,Product,L1008,2.0,,
L1008_03,Product,L1008,3.0,,
L1008_04,Product,L1008,4.0,,
L1008_05,Product,L1008,5.0,,
L1008_06,Product,L1008,6.0,,
L1008_07,Product,L1008,7.0,,
L1008_08,Product,L1008,8.0,,
L1008_09,Product,L1008,9.0,,
L1008_10,Product,L1008,10.0,,
L1008_11,Product,L1008,11.0,,
L1008_12,Product,L1008,12.0,,
L1008_13,Product,L1008,13.0,,
L1008_14,Product,L1008,14.0,,
L1008_15,Product,L1008,15.0,,
L1008_16,Product,L1008,16.0,,
L1008_17,Product,L1008,17.0,,
L1008_18,Product,L1008,18.0,,
L1008_19,Product,L1008,19.0,,
L1008_20,Product,L1008,20.0,,
L1008_21,Product,L1008,21.0,,
L1008_22,Product,L1008,22.0,,
L1008_23,Product,L1008,23.0,,
L1008_24,Product,L1008,24.0,,
L1009_01,Product,L1009,1.0,,
L1009_02,Product,L1009,2.0,,
L1009_03,Product,L1009,3.0,,
L1009_04,Product,L1009,4.0,,
L1009_05,Product,L1009,5.0,,
L1009_06,Product,L1009,6.0,,
L1009_07,Product,L1009,7.0,,
L1009_08,Product,L1009,8.0,,
L1009_09,Product,L1009,9.0,,
L1009_10,Product,L1009,10.0,,
L1009_11,Product,L1009,11.0,,
L1009_12,Product,L1009,12.0,,
L1009_13,Product,L1009,13.0,,
L1009_14,Product,L1009,14.0,,
L1009_15,Product,L1009,15.0,,
L1009_16,Product,L1009,16.0,,
L1009_17,Product,L1009,17.0,,
L1009_18,Product,L1009,18.0,,
L1009_19,Product,L1009,19.0,,
L1009_20,Product,L1009,20.0,,
L1009_21,Product,L1009,21.0,,
L1009_22,Product,L1009,22.0,,
L1009_23,Product,L1009,23.0,,
L1009_24,Product,L1009,24.0,,
L1010_01,Product,L1010,1.0,,
L1010_02,Product,L1010,2.0,,
L1010_03,Product,L1010,3.0,,
L1010_04,Product,L1010,4.0,,
L1010_05,Product,L1010,5.0,,
L1010_06,Product,L1010,6.0,,
L1010_07,Product,L1010,7.0,,
L1010_08,Product,L1010,8.0,,
L1010_09,Product,L1010,9.0,,
L1010_10,Product,L1010,10.0,,
L1010_11,Product,L1010,11.0,,
L1010_12,Product,L1010,12.0,,
L1010_13,Product,L1010,13.0,,
L1010_14,Product,L1010,14.0,,
L1010_15,Product,L1010,15.0,,
L1010_16,Product,L1010,16.0,,
L1010_17,Product,L1010,17.0,,
L1010_18,Product,L1010,18.0,,
L1010_19,Product,L1010,19.0,,
L1010_20,Product,L1010,20.0,,
L1010_21,Product,L1010,21.0,,
L1010_22,Product,L1010,22.0,,
L1010_23,Product,L1010,23.0,,
L1010_24,Product,L1010,24.0,,
L1011_01,Product,L1011,1.0,,
L1011_02,Product,L1011,2.0,,
L1011_03,Product,L1011,3.0,,
L1011_04,Product,L1011,4.0,,
L1011_05,Product,L1011,5.0,,
L1011_06,Product,L1011,6.0,,
L1011_07,Product,L1011,7.0,,
L1011_08,Product,L1011,8.0,,
L1011_09,Product,L1011,9.0,,
L1011_10,Product,L1011,10.0,,
L1011_11,Product,L1011,11.0,,
L1011_12,Product,L1011,12.0,,
L1011_13,Product,L1011,13.0,,
L1011_14,Product,L1011,14.0,,
L1011_15,Product,L1011,15.0,,
L1011_16,Product,L1011,16.0,,
L1011_17,Product,L1011,17.0,,
L1011_18,Product,L1011,18.0,,
L1011_19,Product,L1011,19.0,,
L1011_20,Product,L1011,20.0,,
L1011_21,Product,L1011,21.0,,
L1011_22,Product,L1011,22.0,,
L1011_23,Product,L1011,23.0,,
L1011_24,Product,L1011,24.0,,
L1012_01,Product,L1012,1.0,,
L1012_02,Product,L1012,2.0,,
L1012_03,Product,L1012,3.0,,
L1012_04,Product,L1012,4.0,,
L1012_05,Product,L1012,5.0,,
L1012_06,Product,L1012,6.0,,
L1012_07,Product,L1012,7.0,,
L1012_08,Product,L1012,8.0,,
L1012_09,Product,L1012,9.0,,
L1012_10,Product,L1012,10.0,,
L1012_11,Product,L1012,11.0,,
L1012_12,Product,L1012,12.0,,
L1012_13,Product,L1012,13.0,,
L1012_14,Product,L1012,14.0,,
L1012_15,Product,L1012,15.0,,
L1012_16,Product,L1012,16.0,,
L1012_17,Product,L1012,17.0,,
L1012_18,Product,L1012,18.0,,
L1012_19,Product,L1012,19.0,,
L1012_20,Product,L1012,20.0,,
L1012_21,Product,L1012,21.0,,
L1012_22,Product,L1012,22.0,,
L1012_23,Product,L1012,23.0,,
L1012_24,Product,L1012,24.0,,
L1013_01,Product,L1013,1.0,,
L1013_02,Product,L1013,2.0,,
L1013_03,Product,L1013,3.0,,
L1013_04,Product,L1013,4.0,,
L1013_05,Product,L1013,5.0,,
L1013_06,Product,L1013,6.0,,
L1013_07,Product,L1013,7.0,,
L1013_08,Product,L1013,8.0,,
L1013_09,Product,L1013,9.0,,
L1013_10,Product,L1013,10.0,,
L1013_11,Product,L1013,11.0,,
L1013_12,Product,L1013,12.0,,
L1013_13,Product,L1013,13.0,,
L1013_14,Product,L1013,14.0,,
L1013_15,Product,L1013,15.0,,
L1013_16,Product,L1013,16.0,,
L1013_17,Product,L1013,17.0,,
L1013_18,Product,L1013,18.0,,
L1013_19,Product,L1013,19.0,,
L1013_20,Product,L1013,20.0,,
L1013_21,Product,L1013,21.0,,
L1013_22,Product,L1013,22.0,,
L1013_23,Product,L1013,23.0,,
L1013_24,Product,L1013,24.0,,
L1014_01,Product,L1014,1.0,,
L1014_02,Product,L1014,2.0,,
L1014_03,Product,L1014,3.0,,
L1014_04,Product,L1014,4.0,,
L1014_05,Product,L1014,5.0,,
L1014_06,Product,L1014,6.0,,
L1014_07,Product,L1014,7.0,,
L1014_08,Product,L1014,8.0,,
L1014_09,Product,L1014,9.0,,
L1014_10,Product,L1014,10.0,,
L1014_11,Product,L1014,11.0,,
L1014_12,Product,L1014,12.0,,
L1014_13,Product,L1014,13.0,,
L1014_14,Product,L1014,14.0,,
L1014_15,Product,L1014,15.0,,
L1014_16,Product,L1014,16.0,,
L1014_17,Product,L1014,17.0,,
L1014_18,Product,L1014,18.0,,
L1014_19,Product,L1014,19.0,,
L1014_20,Product,L1014,20.0,,
L1014_21,Product,L1014,21.0,,
L1014_22,Product,L1014,22.0,,
L1014_23,Product,L1014,23.0,,
L1014_24,Product,L1014,24.0,,
L1015_01,Product,L1015,1.0,,
L1015_02,Product,L1015,2.0,,
L1015_03,Product,L1015,3.0,,
L1015_04,Product,L1015,4.0,,
L1015_05,Product,L1015,5.0,,
L1015_06,Product,L1015,6.0,,
L1015_07,Product,L1015,7.0,,
L1015_08,Product,L1015,8.0,,
L1015_09,Product,L1015,9.0,,
L1015_10,Product,L1015,10.0,,
L1015_11,Product,L1015,11.0,,
L1015_12,Product,L1015,12.0,,
L1015_13,Product,L1015,13.0,,
L1015_14,Product,L1015,14.0,,
L1015_15,Product,L1015,15.0,,
L1015_16,Product,L1015,16.0,,
L1015_17,Product,L1015,17.0,,
L1015_18,Product,L1015,18.0,,
L1015_19,Product,L1015,19.0,,
L1015_20,Product,L1015,20.0,,
L1015_21,Product,L1015,21.0,,
L1015_22,Product,L1015,22.0,,
L1015_23,Product,L1015,23.0,,
L1015_24,Product,L1015,24.0,,
L1016_01,Product,L1016,1.0,,
L1016_02,Product,L1016,2.0,,
L1016_03,Product,L1016,3.0,,
L1016_04,Product,L1016,4.0,,
L1016_05,Product,L1016,5.0,,
L1016_06,Product,L1016,6.0,,
L1016_07,Product,L1016,7.0,,
L1016_08,Product,L1016,8.0,,
L1016_09,Product,L1016,9.0,,
L1016_10,Product,L1016,10.0,,
L1016_11,Product,L1016,11.0,,
L1016_12,Product,L1016,12.0,,
L1016_13,Product,L1016,13.0,,
L1016_14,Product,L1016,14.0,,
L1016_15,Product,L1016,15.0,,
L1016_16,Product,L1016,16.0,,
L1016_17,Product,L1016,17.0,,
L1016_18,Product,L1016,18.0,,
L1016_19,Product,L1016,19.0,,
L1016_20,Product,L1016,20.0,,
L1016_21,Product,L1016,21.0,,
L1016_22,Product,L1016,22.0,,
L1016_23,Product,L1016,23.0,,
L1016_24,Product,L1016,24.0,,
L1017_01,Product,L1017,1.0,,
L1017_02,Product,L1017,2.0,,
L1017_03,Product,L1017,3.0,,
L1017_04,Product,L1017,4.0,,
L1017_05,Product,L1017,5.0,,
L1017_06,Product,L1017,6.0,,
L1017_07,Product,L1017,7.0,,
L1017_08,Product,L1017,8.0,,
L1017_09,Product,L1017,9.0,,
L1017_10,Product,L1017,10.0,,
L1017_11,Product,L1017,11.0,,
L1017_12,Product,L1017,12.0,,
L1017_13,Product,L1017,13.0,,
L1017_14,Product,L1017,14.0,,
L1017_15,Product,L1017,15.0,,
L1017_16,Product,L1017,16.0,,
L1017_17,Product,L1017,17.0,,
L1017_18,Product,L1017,18.0,,
L1017_19,Product,L1017,19.0,,
L1017_20,Product,L1017,20.0,,
L1017_21,Product,L1017,21.0,,
L1017_22,Product,L1017,22.0,,
L1017_23,Product,L1017,23.0,,
L1017_24,Product,L1017,24.0,,
L1018_01,Product,L1018,1.0,,
L1018_02,Product,L1018,2.0,,
L1018_03,Product,L1018,3.0,,
L1018_04,Product,L1018,4.0,,
L1018_05,Product,L1018,5.0,,
L1018_06,Product,L1018,6.0,,
L1018_07,Product,L1018,7.0,,
L1018_08,Product,L1018,8.0,,
L1018_09,Product,L1018,9.0,,
L1018_10,Product,L1018,10.0,,
L1018_11,Product,L1018,11.0,,
L1018_12,Product,L1018,12.0,,
L1018_13,Product,L1018,13.0,,
L1018_14,Product,L1018,14.0,,
L1018_15,Product,L1018,15.0,,
L1018_16,Product,L1018,16.0,,
L1018_17,Product,L1018,17.0,,
L1018_18,Product,L1018,18.0,,
L1018_19,Product,L1018,19.0,,
L1018_20,Product,L1018,20.0,,
L1018_21,Product,L1018,21.0,,
L1018_22,Product,L1018,22.0,,
L1018_23,Product,L1018,23.0,,
L1018_24,Product,L1018,24.0,,
L1019_01,Product,L1019,1.0,,
L1019_02,Product,L1019,2.0,,
L1019_03,Product,L1019,3.0,,
L1019_04,Product,L1019,4.0,,
L1019_05,Product,L1019,5.0,,
L1019_06,Product,L1019,6.0,,
L1019_07,Product,L1019,7.0,,
L1019_08,Product,L1019,8.0,,
L1019_09,Product,L1019,9.0,,
L1019_10,Product,L1019,10.0,,
L1019_11,Product,L1019,11.0,,
L1019_12,Product,L1019,12.0,,
L1019_13,Product,L1019,13.0,,
L1019_14,Product,L1019,14.0,,
L1019_15,Product,L1019,15.0,,
L1019_16,Product,L1019,16.0,,
L1019_17,Product,L1019,17.0,,
L1019_18,Product,L1019,18.0,,
L1019_19,Product,L1019,19.0,,
L1019_20,Product,L1019,20.0,,
L1019_21,Product,L1019,21.0,,
L1019_22,Product,L1019,22.0,,
L1019_23,Product,L1019,23.0,,
L1019_24,Product,L1019,24.0,,
L1020_01,Product,L1020,1.0,,
L1020_02,Product,L1020,2.0,,
L1020_03,Product,L1020,3.0,,
L1020_04,Product,L1020,4.0,,
L1020_05,Product,L1020,5.0,,
L1020_06,Product,L1020,6.0,,
L1020_07,Product,L1020,7.0,,
L1020_08,Product,L1020,8.0,,
L1020_09,Product,L1020,9.0,,
L1020_10,Product,L1020,10.0,,
L1020_11,Product,L1020,11.0,,
L1020_12,Product,L1020,12.0,,
L1020_13,Product,L1020,13.0,,
L1020_14,Product,L1020,14.0,,
L1020_15,Product,L1020,15.0,,
L1020_16,Product,L1020,16.0,,
L1020_17,Product,L1020,17.0,,
L1020_18,Product,L1020,18.0,,
L1020_19,Product,L1020,19.0,,
L1020_20,Product,L1020,20.0,,
L1020_21,Product,L1020,21.0,,
L1020_22,Product,L1020,22.0,,
L1020_23,Product,L1020,23.0,,
L1020_24,Product,L1020,24.0,,
L1021_01,Product,L1021,1.0,,
L1021_02,Product,L1021,2.0,,
L1021_03,Product,L1021,3.0,,
L1021_04,Product,L1021,4.0,,
L1021_05,Product,L1021,5.0,,
L1021_06,Product,L1021,6.0,,
L1021_07,Product,L1021,7.0,,
L1021_08,Product,L1021,8.0,,
L1021_09,Product,L1021,9.0,,
L1021_10,Product,L1021,10.0,,
L1021_11,Product,L1021,11.0,,
L1021_12,Product,L1021,12.0,,
L1021_13,Product,L1021,13.0,,
L1021_14,Product,L1021,14.0,,
L1021_15,Product,L1021,15.0,,
L1021_16,Product,L1021,16.0,,
L1021_17,Product,L1021,17.0,,
L1021_18,Product,L1021,18.0,,
L1021_19,Product,L1021,19.0,,
L1021_20,Product,L1021,20.0,,
L1021_21,Product,L1021,21.0,,
L1021_22,Product,L1021,22.0,,
L1021_23,Product,L1021,23.0,,
L1021_24,Product,L1021,24.0,,
L1022_01,Product,L1022,1.0,,
L1022_02,Product,L1022,2.0,,
L1022_03,Product,L1022,3.0,,
L1022_04,Product,L1022,4.0,,
L1022_05,Product,L1022,5.0,,
L1022_06,Product,L1022,6.0,,
L1022_07,Product,L1022,7.0,,
L1022_08,Product,L1022,8.0,,
L1022_09,Product,L1022,9.0,,
L1022_10,Product,L1022,10.0,,
L1022_11,Product,L1022,11.0,,
L1022_12,Product,L1022,12.0,,
L1022_13,Product,L1022,13.0,,
L1022_14,Product,L1022,14.0,,
L1022_15,Product,L1022,15.0,,
L1022_16,Product,L1022,16.0,,
L1022_17,Product,L1022,17.0,,
L1022_18,Product,L1022,18.0,,
L1022_19,Product,L1022,19.0,,
L1022_20,Product,L1022,20.0,,
L1022_21,Product,L1022,21.0,,
L1022_22,Product,L1022,22.0,,
L1022_23,Product,L1022,23.0,,
L1022_24,Product,L1022,24.0,,
L1023_01,Product,L1023,1.0,,
L1023_02,Product,L1023,2.0,,
L1023_03,Product,L1023,3.0,,
L1023_04,Product,L1023,4.0,,
L1023_05,Product,L1023,5.0,,
L1023_06,Product,L1023,6.0,,
L1023_07,Product,L1023,7.0,,
L1023_08,Product,L1023,8.0,,
L1023_09,Product,L1023,9.0,,
L1023_10,Product,L1023,10.0,,
L1023_11,Product,L1023,11.0,,
L1023_12,Product,L1023,12.0,,
L1023_13,Product,L1023,13.0,,
L1023_14,Product,L1023,14.0,,
L1023_15,Product,L1023,15.0,,
L1023_16,Product,L1023,16.0,,
L1023_17,Product,L1023,17.0,,
L1023_18,Product,L1023,18.0,,
L1023_19,Product,L1023,19.0,,
L1023_20,Product,L1023,20.0,,
L1023_21,Product,L1023,21.0,,
L1023_22,Product,L1023,22.0,,
L1023_23,Product,L1023,23.0,,
L1023_24,Product,L1023,24.0,,
L1024_01,Product,L1024,1.0,,
L1024_02,Product,L1024,2.0,,
L1024_03,Product,L1024,3.0,,
L1024_04,Product,L1024,4.0,,
L1024_05,Product,L1024,5.0,,
L1024_06,Product,L1024,6.0,,
L1024_07,Product,L1024,7.0,,
L1024_08,Product,L1024,8.0,,
L1024_09,Product,L1024,9.0,,
L1024_10,Product,L1024,10.0,,
L1024_11,Product,L1024,11.0,,
L1024_12,Product,L1024,12.0,,
L1024_13,Product,L1024,13.0,,
L1024_14,Product,L1024,14.0,,
L1024_15,Product,L1024,15.0,,
L1024_16,Product,L1024,16.0,,
L1024_17,Product,L1024,17.0,,
L1024_18,Product,L1024,18.0,,
L1024_19,Product,L1024,19.0,,
L1024_20,Product,L1024,20.0,,
L1024_21,Product,L1024,21.0,,
L1024_22,Product,L1024,22.0,,
L1024_23,Product,L1024,23.0,,
L1024_24,Product,L1024,24.0,,
L1025_01,Product,L1025,1.0,,
L1025_02,Product,L1025,2.0,,
L1025_03,Product,L1025,3.0,,
L1025_04,Product,L1025,4.0,,
L1025_05,Product,L1025,5.0,,
L1025_06,Product,L1025,6.0,,
L1025_07,Product,L1025,7.0,,
L1025_08,Product,L1025,8.0,,
L1025_09,Product,L1025,9.0,,
L1025_10,Product,L1025,10.0,,
L1025_11,Product,L1025,11.0,,
L1025_12,Product,L1025,12.0,,
L1025_13,Product,L1025,13.0,,
L1025_14,Product,L1025,14.0,,
L1025_15,Product,L1025,15.0,,
L1025_16,Product,L1025,16.0,,
L1025_17,Product,L1025,17.0,,
L1025_18,Product,L1025,18.0,,
L1025_19,Product,L1025,19.0,,
L1025_20,Product,L1025,20.0,,
L1025_21,Product,L1025,21.0,,
L1025_22,Product,L1025,22.0,,
L1025_23,Product,L1025,23.0,,
L1025_24,Product,L1025,24.0,,
L1026_01,Product,L1026,1.0,,
L1026_02,Product,L1026,2.0,,
L1026_03,Product,L1026,3.0,,
L1026_04,Product,L1026,4.0,,
L1026_05,Product,L1026,5.0,,
L1026_06,Product,L1026,6.0,,
L1026_07,Product,L1026,7.0,,
L1026_08,Product,L1026,8.0,,
L1026_09,Product,L1026,9.0,,
L1026_10,Product,L1026,10.0,,
L1026_11,Product,L1026,11.0,,
L1026_12,Product,L1026,12.0,,
L1026_13,Product,L1026,13.0,,
L1026_14,Product,L1026,14.0,,
L1026_15,Product,L1026,15.0,,
L1026_16,Product,L1026,16.0,,
L1026_17,Product,L1026,17.0,,
L1026_18,Product,L1026,18.0,,
L1026_19,Product,L1026,19.0,,
L1026_20,Product,L1026,20.0,,
L1026_21,Product,L1026,21.0,,
L1026_22,Product,L1026,22.0,,
L1026_23,Product,L1026,23.0,,
L1026_24,Product,L1026,24.0,,
L1027_01,Product,L1027,1.0,,
L1027_02,Product,L1027,2.0,,
L1027_03,Product,L1027,3.0,,
L1027_04,Product,L1027,4.0,,
L1027_05,Product,L1027,5.0,,
L1027_06,Product,L1027,6.0,,
L1027_07,Product,L1027,7.0,,
L1027_08,Product,L1027,8.0,,
L1027_09,Product,L1027,9.0,,
L1027_10,Product,L1027,10.0,,
L1027_11,Product,L1027,11.0,,
L1027_12,Product,L1027,12.0,,
L1027_13,Product,L1027,13.0,,
L1027_14,Product,L1027,14.0,,
L1027_15,Product,L1027,15.0,,
L1027_16,Product,L1027,16.0,,
L1027_17,Product,L1027,17.0,,
L1027_18,Product,L1027,18.0,,
L1027_19,Product,L1027,19.0,,
L1027_20,Product,L1027,20.0,,
L1027_21,Product,L1027,21.0,,
L1027_22,Product,L1027,22.0,,
L1027_23,Product,L1027,23.0,,
L1027_24,Product,L1027,24.0,,
L1028_01,Product,L1028,1.0,,
L1028_02,Product,L1028,2.0,,
L1028_03,Product,L1028,3.0,,
L1028_04,Product,L1028,4.0,,
L1028_05,Product,L1028,5.0,,
L1028_06,Product,L1028,6.0,,
L1028_07,Product,L1028,7.0,,
L1028_08,Product,L1028,8.0,,
L1028_09,Product,L1028,9.0,,
L1028_10,Product,L1028,10.0,,
L1028_11,Product,L1028,11.0,,
L1028_12,Product,L1028,12.0,,
L1028_13,Product,L1028,13.0,,
L1028_14,Product,L1028,14.0,,
L1028_15,Product,L1028,15.0,,
L1028_16,Product,L1028,16.0,,
L1028_17,Product,L1028,17.0,,
L1028_18,Product,L1028,18.0,,
L1028_19,Product,L1028,19.0,,
L1028_20,Product,L1028,20.0,,
L1028_21,Product,L1028,21.0,,
L1028_22,Product,L1028,22.0,,
L1028_23,Product,L1028,23.0,,
L1028_24,Product,L1028,24.0,,
L1029_01,Product,L1029,1.0,,
L1029_02,Product,L1029,2.0,,
L1029_03,Product,L1029,3.0,,
L1029_04,Product,L1029,4.0,,
L1029_05,Product,L1029,5.0,,
L1029_06,Product,L1029,6.0,,
L1029_07,Product,L1029,7.0,,
L1029_08,Product,L1029,8.0,,
L1029_09,Product,L1029,9.0,,
L1029_10,Product,L1029,10.0,,
L1029_11,Product,L1029,11.0,,
L1029_12,Product,L1029,12.0,,
L1029_13,Product,L1029,13.0,,
L1029_14,Product,L1029,14.0,,
L1029_15,Product,L1029,15.0,,
L1029_16,Product,L1029,16.0,,
L1029_17,Product,L1029,17.0,,
L1029_18,Product,L1029,18.0,,
L1029_19,Product,L1029,19.0,,
L1029_20,Product,L1029,20.0,,
L1029_21,Product,L1029,21.0,,
L1029_22,Product,L1029,22.0,,
L1029_23,Product,L1029,23.0,,
L1029_24,Product,L1029,24.0,,
L1030_01,Product,L1030,1.0,,
L1030_02,Product,L1030,2.0,,
L1030_03,Product,L1030,3.0,,
L1030_04,Product,L1030,4.0,,
L1030_05,Product,L1030,5.0,,
L1030_06,Product,L1030,6.0,,
L1030_07,Product,L1030,7.0,,
L1030_08,Product,L1030,8.0,,
L1030_09,Product,L1030,9.0,,
L1030_10,Product,L1030,10.0,,
L1030_11,Product,L1030,11.0,,
L1030_12,Product,L1030,12.0,,
L1030_13,Product,L1030,13.0,,
L1030_14,Product,L1030,14.0,,
L1030_15,Product,L1030,15.0,,
L1030_16,Product,L1030,16.0,,
L1030_17,Product,L1030,17.0,,
L1030_18,Product,L1030,18.0,,
L1030_19,Product,L1030,19.0,,
L1030_20,Product,L1030,20.0,,
L1030_21,Product,L1030,21.0,,
L1030_22,Product,L1030,22.0,,
L1030_23,Product,L1030,23.0,,
L1030_24,Product,L1030,24.0,,
L1031_01,Product,L1031,1.0,,
L1031_02,Product,L1031,2.0,,
L1031_03,Product,L1031,3.0,,
L1031_04,Product,L1031,4.0,,
L1031_05,Product,L1031,5.0,,
L1031_06,Product,L1031,6.0,,
L1031_07,Product,L1031,7.0,,
L1031_08,Product,L1031,8.0,,
L1031_09,Product,L1031,9.0,,
L1031_10,Product,L1031,10.0,,
L1031_11,Product,L1031,11.0,,
L1031_12,Product,L1031,12.0,,
L1031_13,Product,L1031,13.0,,
L1031_14,Product,L1031,14.0,,
L1031_15,Product,L1031,15.0,,
L1031_16,Product,L1031,16.0,,
L1031_17,Product,L1031,17.0,,
L1031_18,Product,L1031,18.0,,
L1031_19,Product,L1031,19.0,,
L1031_20,Product,L1031,20.0,,
L1031_21,Product,L1031,21.0,,
L1031_22,Product,L1031,22.0,,
L1031_23,Product,L1031,23.0,,
L1031_24,Product,L1031,24.0,,
L1032_01,Product,L1032,1.0,,
L1032_02,Product,L1032,2.0,,
L1032_03,Product,L1032,3.0,,
L1032_04,Product,L1032,4.0,,
L1032_05,Product,L1032,5.0,,
L1032_06,Product,L1032,6.0,,
L1032_07,Product,L1032,7.0,,
L1032_08,Product,L1032,8.0,,
L1032_09,Product,L1032,9.0,,
L1032_10,Product,L1032,10.0,,
L1032_11,Product,L1032,11.0,,
L1032_12,Product,L1032,12.0,,
L1032_13,Product,L1032,13.0,,
L1032_14,Product,L1032,14.0,,
L1032_15,Product,L1032,15.0,,
L1032_16,Product,L1032,16.0,,
L1032_17,Product,L1032,17.0,,
L1032_18,Product,L1032,18.0,,
L1032_19,Product,L1032,19.0,,
L1032_20,Product,L1032,20.0,,
L1032_21,Product,L1032,21.0,,
L1032_22,Product,L1032,22.0,,
L1032_23,Product,L1032,23.0,,
L1032_24,Product,L1032,24.0,,
L1033_01,Product,L1033,1.0,,
L1033_02,Product,L1033,2.0,,
L1033_03,Product,L1033,3.0,,
L1033_04,Product,L1033,4.0,,
L1033_05,Product,L1033,5.0,,
L1033_06,Product,L1033,6.0,,
L1033_07,Product,L1033,7.0,,
L1033_08,Product,L1033,8.0,,
L1033_09,Product,L1033,9.0,,
L1033_10,Product,L1033,10.0,,
L1033_11,Product,L1033,11.0,,
L1033_12,Product,L1033,12.0,,
L1033_13,Product,L1033,13.0,,
L1033_14,Product,L1033,14.0,,
L1033_15,Product,L1033,15.0,,
L1033_16,Product,L1033,16.0,,
L1033_17,Product,L1033,17.0,,
L1033_18,Product,L1033,18.0,,
L1033_19,Product,L1033,19.0,,
L1033_20,Product,L1033,20.0,,
L1033_21,Product,L1033,21.0,,
L1033_22,Product,L1033,22.0,,
L1033_23,Product,L1033,23.0,,
L1033_24,Product,L1033,24.0,,
L1034_01,Product,L1034,1.0,,
L1034_02,Product,L1034,2.0,,
L1034_03,Product,L1034,3.0,,
L1034_04,Product,L1034,4.0,,
L1034_05,Product,L1034,5.0,,
L1034_06,Product,L1034,6.0,,
L1034_07,Product,L1034,7.0,,
L1034_08,Product,L1034,8.0,,
L1034_09,Product,L1034,9.0,,
L1034_10,Product,L1034,10.0,,
L1034_11,Product,L1034,11.0,,
L1034_12,Product,L1034,12.0,,
L1034_13,Product,L1034,13.0,,
L1034_14,Product,L1034,14.0,,
L1034_15,Product,L1034,15.0,,
L1034_16,Product,L1034,16.0,,
L1034_17,Product,L1034,17.0,,
L1034_18,Product,L1034,18.0,,
L1034_19,Product,L1034,19.0,,
L1034_20,Product,L1034,20.0,,
L1034_21,Product,L1034,21.0,,
L1034_22,Product,L1034,22.0,,
L1034_23,Product,L1034,23.0,,
L1034_24,Product,L1034,24.0,,
L1035_01,Product,L1035,1.0,,
L1035_02,Product,L1035,2.0,,
L1035_03,Product,L1035,3.0,,
L1035_04,Product,L1035,4.0,,
L1035_05,Product,L1035,5.0,,
L1035_06,Product,L1035,6.0,,
L1035_07,Product,L1035,7.0,,
L1035_08,Product,L1035,8.0,,
L1035_09,Product,L1035,9.0,,
L1035_10,Product,L1035,10.0,,
L1035_11,Product,L1035,11.0,,
L1035_12,Product,L1035,12.0,,
L1035_13,Product,L1035,13.0,,
L1035_14,Product,L1035,14.0,,
L1035_15,Product,L1035,15.0,,
L1035_16,Product,L1035,16.0,,
L1035_17,Product,L1035,17.0,,
L1035_18,Product,L1035,18.0,,
L1035_19,Product,L1035,19.0,,
L1035_20,Product,L1035,20.0,,
L1035_21,Product,L1035,21.0,,
L1035_22,Product,L1035,22.0,,
L1035_23,Product,L1035,23.0,,
L1035_24,Product,L1035,24.0,,
L1036_01,Product,L1036,1.0,,
L1036_02,Product,L1036,2.0,,
L1036_03,Product,L1036,3.0,,
L1036_04,Product,L1036,4.0,,
L1036_05,Product,L1036,5.0,,
L1036_06,Product,L1036,6.0,,
L1036_07,Product,L1036,7.0,,
L1036_08,Product,L1036,8.0,,
L1036_09,Product,L1036,9.0,,
L1036_10,Product,L1036,10.0,,
L1036_11,Product,L1036,11.0,,
L1036_12,Product,L1036,12.0,,
L1036_13,Product,L1036,13.0,,
L1036_14,Product,L1036,14.0,,
L1036_15,Product,L1036,15.0,,
L1036_16,Product,L1036,16.0,,
L1036_17,Product,L1036,17.0,,
L1036_18,Product,L1036,18.0,,
L1036_19,Product,L1036,19.0,,
L1036_20,Product,L1036,20.0,,
L1036_21,Product,L1036,21.0,,
L1036_22,Product,L1036,22.0,,
L1036_23,Product,L1036,23.0,,
L1036_24,Product,L1036,24.0,,
L1037_01,Product,L1037,1.0,,
L1037_02,Product,L1037,2.0,,
L1037_03,Product,L1037,3.0,,
L1037_04,Product,L1037,4.0,,
L1037_05,Product,L1037,5.0,,
L1037_06,Product,L1037,6.0,,
L1037_07,Product,L1037,7.0,,
L1037_08,Product,L1037,8.0,,
L1037_09,Product,L1037,9.0,,
L1037_10,Product,L1037,10.0,,
L1037_11,Product,L1037,11.0,,
L1037_12,Product,L1037,12.0,,
L1037_13,Product,L1037,13.0,,
L1037_14,Product,L1037,14.0,,
L1037_15,Product,L1037,15.0,,
L1037_16,Product,L1037,16.0,,
L1037_17,Product,L1037,17.0,,
L1037_18,Product,L1037,18.0,,
L1037_19,Product,L1037,19.0,,
L1037_20,Product,L1037,20.0,,
L1037_21,Product,L1037,21.0,,
L1037_22,Product,L1037,22.0,,
L1037_23,Product,L1037,23.0,,
L1037_24,Product,L1037,24.0,,
L1038_01,Product,L1038,1.0,,
L1038_02,Product,L1038,2.0,,
L1038_03,Product,L1038,3.0,,
L1038_04,Product,L1038,4.0,,
L1038_05,Product,L1038,5.0,,
L1038_06,Product,L1038,6.0,,
L1038_07,Product,L1038,7.0,,
L1038_08,Product,L1038,8.0,,
L1038_09,Product,L1038,9.0,,
L1038_10,Product,L1038,10.0,,
L1038_11,Product,L1038,11.0,,
L1038_12,Product,L1038,12.0,,
L1038_13,Product,L1038,13.0,,
L1038_14,Product,L1038,14.0,,
L1038_15,Product,L1038,15.0,,
L1038_16,Product,L1038,16.0,,
L1038_17,Product,L1038,17.0,,
L1038_18,Product,L1038,18.0,,
L1038_19,Product,L1038,19.0,,
L1038_20,Product,L1038,20.0,,
L1038_21,Product,L1038,21.0,,
L1038_22,Product,L1038,22.0,,
L1038_23,Product,L1038,23.0,,
L1038_24,Product,L1038,24.0,,
L1039_01,Product,L1039,1.0,,
L1039_02,Product,L1039,2.0,,
L1039_03,Product,L1039,3.0,,
L1039_04,Product,L1039,4.0,,
L1039_05,Product,L1039,5.0,,
L1039_06,Product,L1039,6.0,,
L1039_07,Product,L1039,7.0,,
L1039_08,Product,L1039,8.0,,
L1039_09,Product,L1039,9.0,,
L1039_10,Product,L1039,10.0,,
L1039_11,Product,L1039,11.0,,
L1039_12,Product,L1039,12.0,,
L1039_13,Product,L1039,13.0,,
L1039_14,Product,L1039,14.0,,
L1039_15,Product,L1039,15.0,,
L1039_16,Product,L1039,16.0,,
L1039_17,Product,L1039,17.0,,
L1039_18,Product,L1039,18.0,,
L1039_19,Product,L1039,19.0,,
L1039_20,Product,L1039,20.0,,
L1039_21,Product,L1039,21.0,,
L1039_22,Product,L1039,22.0,,
L1039_23,Product,L1039,23.0,,
L1039_24,Product,L1039,24.0,,
L1040_01,Product,L1040,1.0,,
L1040_02,Product,L1040,2.0,,
L1040_03,Product,L1040,3.0,,
L1040_04,Product,L1040,4.0,,
L1040_05,Product,L1040,5.0,,
L1040_06,Product,L1040,6.0,,
L1040_07,Product,L1040,7.0,,
L1040_08,Product,L1040,8.0,,
L1040_09,Product,L1040,9.0,,
L1040_10,Product,L1040,10.0,,
L1040_11,Product,L1040,11.0,,
L1040_12,Product,L1040,12.0,,
L1040_13,Product,L1040,13.0,,
L1040_14,Product,L1040,14.0,,
L1040_15,Product,L1040,15.0,,
L1040_16,Product,L1040,16.0,,
L1040_17,Product,L1040,17.0,,
L1040_18,Product,L1040,18.0,,
L1040_19,Product,L1040,19.0,,
L1040_20,Product,L1040,20.0,,
L1040_21,Product,L1040,21.0,,
L1040_22,Product,L1040,22.0,,
L1040_23,Product,L1040,23.0,,
L1040_24,Product,L1040,24.0,,
L1041_01,Product,L1041,1.0,,
L1041_02,Product,L1041,2.0,,
L1041_03,Product,L1041,3.0,,
L1041_04,Product,L1041,4.0,,
L1041_05,Product,L1041,5.0,,
L1041_06,Product,L1041,6.0,,
L1041_07,Product,L1041,7.0,,
L1041_08,Product,L1041,8.0,,
L1041_09,Product,L1041,9.0,,
L1041_10,Product,L1041,10.0,,
L1041_11,Product,L1041,11.0,,
L1041_12,Product,L1041,12.0,,
L1041_13,Product,L1041,13.0,,
L1041_14,Product,L1041,14.0,,
L1041_15,Product,L1041,15.0,,
L1041_16,Product,L1041,16.0,,
L1041_17,Product,L1041,17.0,,
L1041_18,Product,L1041,18.0,,
L1041_19,Product,L1041,19.0,,
L1041_20,Product,L1041,20.0,,
L1041_21,Product,L1041,21.0,,
L1041_22,Product,L1041,22.0,,
L1041_23,Product,L1041,23.0,,
L1041_24,Product,L1041,24.0,,
L1042_01,Product,L1042,1.0,,
L1042_02,Product,L1042,2.0,,
L1042_03,Product,L1042,3.0,,
L1042_04,Product,L1042,4.0,,
L1042_05,Product,L1042,5.0,,
L1042_06,Product,L1042,6.0,,
L1042_07,Product,L1042,7.0,,
L1042_08,Product,L1042,8.0,,
L1042_09,Product,L1042,9.0,,
L1042_10,Product,L1042,10.0,,
L1042_11,Product,L1042,11.0,,
L1042_12,Product,L1042,12.0,,
L1042_13,Product,L1042,13.0,,
L1042_14,Product,L1042,14.0,,
L1042_15,Product,L1042,15.0,,
L1042_16,Product,L1042,16.0,,
L1042_17,Product,L1042,17.0,,
L1042_18,Product,L1042,18.0,,
L1042_19,Product,L1042,19.0,,
L1042_20,Product,L1042,20.0,,
L1042_21,Product,L1042,21.0,,
L1042_22,Product,L1042,22.0,,
L1042_23,Product,L1042,23.0,,
L1042_24,Product,L1042,24.0,,
L1043_01,Product,L1043,1.0,,
L1043_02,Product,L1043,2.0,,
L1043_03,Product,L1043,3.0,,
L1043_04,Product,L1043,4.0,,
L1043_05,Product,L1043,5.0,,
L1043_06,Product,L1043,6.0,,
L1043_07,Product,L1043,7.0,,
L1043_08,Product,L1043,8.0,,
L1043_09,Product,L1043,9.0,,
L1043_10,Product,L1043,10.0,,
L1043_11,Product,L1043,11.0,,
L1043_12,Product,L1043,12.0,,
L1043_13,Product,L1043,13.0,,
L1043_14,Product,L1043,14.0,,
L1043_15,Product,L1043,15.0,,
L1043_16,Product,L1043,16.0,,
L1043_17,Product,L1043,17.0,,
L1043_18,Product,L1043,18.0,,
L1043_19,Product,L1043,19.0,,
L1043_20,Product,L1043,20.0,,
L1043_21,Product,L1043,21.0,,
L1043_22,Product,L1043,22.0,,
L1043_23,Product,L1043,23.0,,
L1043_24,Product,L1043,24.0,,
L1044_01,Product,L1044,1.0,,
L1044_02,Product,L1044,2.0,,
L1044_03,Product,L1044,3.0,,
L1044_04,Product,L1044,4.0,,
L1044_05,Product,L1044,5.0,,
L1044_06,Product,L1044,6.0,,
L1044_07,Product,L1044,7.0,,
L1044_08,Product,L1044,8.0,,
L1044_09,Product,L1044,9.0,,
L1044_10,Product,L1044,10.0,,
L1044_11,Product,L1044,11.0,,
L1044_12,Product,L1044,12.0,,
L1044_13,Product,L1044,13.0,,
L1044_14,Product,L1044,14.0,,
L1044_15,Product,L1044,15.0,,
L1044_16,Product,L1044,16.0,,
L1044_17,Product,L1044,17.0,,
L1044_18,Product,L1044,18.0,,
L1044_19,Product,L1044,19.0,,
L1044_20,Product,L1044,20.0,,
L1044_21,Product,L1044,21.0,,
L1044_22,Product,L1044,22.0,,
L1044_23,Product,L1044,23.0,,
L1044_24,Product,L1044,24.0,,
L1045_01,Product,L1045,1.0,,
L1045_02,Product,L1045,2.0,,
L1045_03,Product,L1045,3.0,,
L1045_04,Product,L1045,4.0,,
L1045_05,Product,L1045,5.0,,
L1045_06,Product,L1045,6.0,,
L1045_07,Product,L1045,7.0,,
L1045_08,Product,L1045,8.0,,
L1045_09,Product,L1045,9.0,,
L1045_10,Product,L1045,10.0,,
L1045_11,Product,L1045,11.0,,
L1045_12,Product,L1045,12.0,,
L1045_13,Product,L1045,13.0,,
L1045_14,Product,L1045,14.0,,
L1045_15,Product,L1045,15.0,,
L1045_16,Product,L1045,16.0,,
L1045_17,Product,L1045,17.0,,
L1045_18,Product,L1045,18.0,,
L1045_19,Product,L1045,19.0,,
L1045_20,Product,L1045,20.0,,
L1045_21,Product,L1045,21.0,,
L1045_22,Product,L1045,22.0,,
L1045_23,Product,L1045,23.0,,
L1045_24,Product,L1045,24.0,,
L1046_01,Product,L1046,1.0,,
L1046_02,Product,L1046,2.0,,
L1046_03,Product,L1046,3.0,,
L1046_04,Product,L1046,4.0,,
L1046_05,Product,L1046,5.0,,
L1046_06,Product,L1046,6.0,,
L1046_07,Product,L1046,7.0,,
L1046_08,Product,L1046,8.0,,
L1046_09,Product,L1046,9.0,,
L1046_10,Product,L1046,10.0,,
L1046_11,Product,L1046,11.0,,
L1046_12,Product,L1046,12.0,,
L1046_13,Product,L1046,13.0,,
L1046_14,Product,L1046,14.0,,
L1046_15,Product,L1046,15.0,,
L1046_16,Product,L1046,16.0,,
L1046_17,Product,L1046,17.0,,
L1046_18,Product,L1046,18.0,,
L1046_19,Product,L1046,19.0,,
L1046_20,Product,L1046,20.0,,
L1046_21,Product,L1046,21.0,,
L1046_22,Product,L1046,22.0,,
L1046_23,Product,L1046,23.0,,
L1046_24,Product,L1046,24.0,,
L1047_01,Product,L1047,1.0,,
L1047_02,Product,L1047,2.0,,
L1047_03,Product,L1047,3.0,,
L1047_04,Product,L1047,4.0,,
L1047_05,Product,L1047,5.0,,
L1047_06,Product,L1047,6.0,,
L1047_07,Product,L1047,7.0,,
L1047_08,Product,L1047,8.0,,
L1047_09,Product,L1047,9.0,,
L1047_10,Product,L1047,10.0,,
L1047_11,Product,L1047,11.0,,
L1047_12,Product,L1047,12.0,,
L1047_13,Product,L1047,13.0,,
L1047_14,Product,L1047,14.0,,
L1047_15,Product,L1047,15.0,,
L1047_16,Product,L1047,16.0,,
L1047_17,Product,L1047,17.0,,
L1047_18,Product,L1047,18.0,,
L1047_19,Product,L1047,19.0,,
L1047_20,Product,L1047,20.0,,
L1047_21,Product,L1047,21.0,,
L1047_22,Product,L1047,22.0,,
L1047_23,Product,L1047,23.0,,
L1047_24,Product,L1047,24.0,,
L1048_01,Product,L1048,1.0,,
L1048_02,Product,L1048,2.0,,
L1048_03,Product,L1048,3.0,,
L1048_04,Product,L1048,4.0,,
L1048_05,Product,L1048,5.0,,
L1048_06,Product,L1048,6.0,,
L1048_07,Product,L1048,7.0,,
L1048_08,Product,L1048,8.0,,
L1048_09,Product,L1048,9.0,,
L1048_10,Product,L1048,10.0,,
L1048_11,Product,L1048,11.0,,
L1048_12,Product,L1048,12.0,,
L1048_13,Product,L1048,13.0,,
L1048_14,Product,L1048,14.0,,
L1048_15,Product,L1048,15.0,,
L1048_16,Product,L1048,16.0,,
L1048_17,Product,L1048,17.0,,
L1048_18,Product,L1048,18.0,,
L1048_19,Product,L1048,19.0,,
L1048_20,Product,L1048,20.0,,
L1048_21,Product,L1048,21.0,,
L1048_22,Product,L1048,22.0,,
L1048_23,Product,L1048,23.0,,
L1048_24,Product,L1048,24.0,,
L1049_01,Product,L1049,1.0,,
L1049_02,Product,L1049,2.0,,
L1049_03,Product,L1049,3.0,,
L1049_04,Product,L1049,4.0,,
L1049_05,Product,L1049,5.0,,
L1049_06,Product,L1049,6.0,,
L1049_07,Product,L1049,7.0,,
L1049_08,Product,L1049,8.0,,
L1049_09,Product,L1049,9.0,,
L1049_10,Product,L1049,10.0,,
L1049_11,Product,L1049,11.0,,
L1049_12,Product,L1049,12.0,,
L1049_13,Product,L1049,13.0,,
L1049_14,Product,L1049,14.0,,
L1049_15,Product,L1049,15.0,,
L1049_16,Product,L1049,16.0,,
L1049_17,Product,L1049,17.0,,
L1049_18,Product,L1049,18.0,,
L1049_19,Product,L1049,19.0,,
L1049_20,Product,L1049,20.0,,
L1049_21,Product,L1049,21.0,,
L1049_22,Product,L1049,22.0,,
L1049_23,Product,L1049,23.0,,
L1049_24,Product,L1049,24.0,,
L1050_01,Product,L1050,1.0,,
L1050_02,Product,L1050,2.0,,
L1050_03,Product,L1050,3.0,,
L1050_04,Product,L1050,4.0,,
L1050_05,Product,L1050,5.0,,
L1050_06,Product,L1050,6.0,,
L1050_07,Product,L1050,7.0,,
L1050_08,Product,L1050,8.0,,
L1050_09,Product,L1050,9.0,,
L1050_10,Product,L1050,10.0,,
L1050_11,Product,L1050,11.0,,
L1050_12,Product,L1050,12.0,,
L1050_13,Product,L1050,13.0,,
L1050_14,Product,L1050,14.0,,
L1050_15,Product,L1050,15.0,,
L1050_16,Product,L1050,16.0,,
L1050_17,Product,L1050,17.0,,
L1050_18,Product,L1050,18.0,,
L1050_19,Product,L1050,19.0,,
L1050_20,Product,L1050,20.0,,
L1050_21,Product,L1050,21.0,,
L1050_22,Product,L1050,22.0,,
L1050_23,Product,L1050,23.0,,
L1050_24,Product,L1050,24.0,,
L1051_01,Product,L1051,1.0,,
L1051_02,Product,L1051,2.0,,
L1051_03,Product,L1051,3.0,,
L1051_04,Product,L1051,4.0,,
L1051_05,Product,L1051,5.0,,
L1051_06,Product,L1051,6.0,,
L1051_07,Product,L1051,7.0,,
L1051_08,Product,L1051,8.0,,
L1051_09,Product,L1051,9.0,,
L1051_10,Product,L1051,10.0,,
L1051_11,Product,L1051,11.0,,
L1051_12,Product,L1051,12.0,,
L1051_13,Product,L1051,13.0,,
L1051_14,Product,L1051,14.0,,
L1051_15,Product,L1051,15.0,,
L1051_16,Product,L1051,16.0,,
L1051_17,Product,L1051,17.0,,
L1051_18,Product,L1051,18.0,,
L1051_19,Product,L1051,19.0,,
L1051_20,Product,L1051,20.0,,
L1051_21,Product,L1051,21.0,,
L1051_22,Product,L1051,22.0,,
L1051_23,Product,L1051,23.0,,
L1051_24,Product,L1051,24.0,,
L1052_01,Product,L1052,1.0,,
L1052_02,Product,L1052,2.0,,
L1052_03,Product,L1052,3.0,,
L1052_04,Product,L1052,4.0,,
L1052_05,Product,L1052,5.0,,
L1052_06,Product,L1052,6.0,,
L1052_07,Product,L1052,7.0,,
L1052_08,Product,L1052,8.0,,
L1052_09,Product,L1052,9.0,,
L1052_10,Product,L1052,10.0,,
L1052_11,Product,L1052,11.0,,
L1052_12,Product,L1052,12.0,,
L1052_13,Product,L1052,13.0,,
L1052_14,Product,L1052,14.0,,
L1052_15,Product,L1052,15.0,,
L1052_16,Product,L1052,16.0,,
L1052_17,Product,L1052,17.0,,
L1052_18,Product,L1052,18.0,,
L1052_19,Product,L1052,19.0,,
L1052_20,Product,L1052,20.0,,
L1052_21,Product,L1052,21.0,,
L1052_22,Product,L1052,22.0,,
L1052_23,Product,L1052,23.0,,
L1052_24,Product,L1052,24.0,,
L1053_01,Product,L1053,1.0,,
L1053_02,Product,L1053,2.0,,
L1053_03,Product,L1053,3.0,,
L1053_04,Product,L1053,4.0,,
L1053_05,Product,L1053,5.0,,
L1053_06,Product,L1053,6.0,,
L1053_07,Product,L1053,7.0,,
L1053_08,Product,L1053,8.0,,
L1053_09,Product,L1053,9.0,,
L1053_10,Product,L1053,10.0,,
L1053_11,Product,L1053,11.0,,
L1053_12,Product,L1053,12.0,,
L1053_13,Product,L1053,13.0,,
L1053_14,Product,L1053,14.0,,
L1053_15,Product,L1053,15.0,,
L1053_16,Product,L1053,16.0,,
L1053_17,Product,L1053,17.0,,
L1053_18,Product,L1053,18.0,,
L1053_19,Product,L1053,19.0,,
L1053_20,Product,L1053,20.0,,
L1053_21,Product,L1053,21.0,,
L1053_22,Product,L1053,22.0,,
L1053_23,Product,L1053,23.0,,
L1053_24,Product,L1053,24.0,,
L1054_01,Product,L1054,1.0,,
L1054_02,Product,L1054,2.0,,
L1054_03,Product,L1054,3.0,,
L1054_04,Product,L1054,4.0,,
L1054_05,Product,L1054,5.0,,
L1054_06,Product,L1054,6.0,,
L1054_07,Product,L1054,7.0,,
L1054_08,Product,L1054,8.0,,
L1054_09,Product,L1054,9.0,,
L1054_10,Product,L1054,10.0,,
L1054_11,Product,L1054,11.0,,
L1054_12,Product,L1054,12.0,,
L1054_13,Product,L1054,13.0,,
L1054_14,Product,L1054,14.0,,
L1054_15,Product,L1054,15.0,,
L1054_16,Product,L1054,16.0,,
L1054_17,Product,L1054,17.0,,
L1054_18,Product,L1054,18.0,,
L1054_19,Product,L1054,19.0,,
L1054_20,Product,L1054,20.0,,
L1054_21,Product,L1054,21.0,,
L1054_22,Product,L1054,22.0,,
L1054_23,Product,L1054,23.0,,
L1054_24,Product,L1054,24.0,,
L1055_01,Product,L1055,1.0,,
L1055_02,Product,L1055,2.0,,
L1055_03,Product,L1055,3.0,,
L1055_04,Product,L1055,4.0,,
L1055_05,Product,L1055,5.0,,
L1055_06,Product,L1055,6.0,,
L1055_07,Product,L1055,7.0,,
L1055_08,Product,L1055,8.0,,
L1055_09,Product,L1055,9.0,,
L1055_10,Product,L1055,10.0,,
L1055_11,Product,L1055,11.0,,
L1055_12,Product,L1055,12.0,,
L1055_13,Product,L1055,13.0,,
L1055_14,Product,L1055,14.0,,
L1055_15,Product,L1055,15.0,,
L1055_16,Product,L1055,16.0,,
L1055_17,Product,L1055,17.0,,
L1055_18,Product,L1055,18.0,,
L1055_19,Product,L1055,19.0,,
L1055_20,Product,L1055,20.0,,
L1055_21,Product,L1055,21.0,,
L1055_22,Product,L1055,22.0,,
L1055_23,Product,L1055,23.0,,
L1055_24,Product,L1055,24.0,,
L1056_01,Product,L1056,1.0,,
L1056_02,Product,L1056,2.0,,
L1056_03,Product,L1056,3.0,,
L1056_04,Product,L1056,4.0,,
L1056_05,Product,L1056,5.0,,
L1056_06,Product,L1056,6.0,,
L1056_07,Product,L1056,7.0,,
L1056_08,Product,L1056,8.0,,
L1056_09,Product,L1056,9.0,,
L1056_10,Product,L1056,10.0,,
L1056_11,Product,L1056,11.0,,
L1056_12,Product,L1056,12.0,,
L1056_13,Product,L1056,13.0,,
L1056_14,Product,L1056,14.0,,
L1056_15,Product,L1056,15.0,,
L1056_16,Product,L1056,16.0,,
L1056_17,Product,L1056,17.0,,
L1056_18,Product,L1056,18.0,,
L1056_19,Product,L1056,19.0,,
L1056_20,Product,L1056,20.0,,
L1056_21,Product,L1056,21.0,,
L1056_22,Product,L1056,22.0,,
L1056_23,Product,L1056,23.0,,
L1056_24,Product,L1056,24.0,,
L1057_01,Product,L1057,1.0,,
L1057_02,Product,L1057,2.0,,
L1057_03,Product,L1057,3.0,,
L1057_04,Product,L1057,4.0,,
L1057_05,Product,L1057,5.0,,
L1057_06,Product,L1057,6.0,,
L1057_07,Product,L1057,7.0,,
L1057_08,Product,L1057,8.0,,
L1057_09,Product,L1057,9.0,,
L1057_10,Product,L1057,10.0,,
L1057_11,Product,L1057,11.0,,
L1057_12,Product,L1057,12.0,,
L1057_13,Product,L1057,13.0,,
L1057_14,Product,L1057,14.0,,
L1057_15,Product,L1057,15.0,,
L1057_16,Product,L1057,16.0,,
L1057_17,Product,L1057,17.0,,
L1057_18,Product,L1057,18.0,,
L1057_19,Product,L1057,19.0,,
L1057_20,Product,L1057,20.0,,
L1057_21,Product,L1057,21.0,,
L1057_22,Product,L1057,22.0,,
L1057_23,Product,L1057,23.0,,
L1057_24,Product,L1057,24.0,,
L1058_01,Product,L1058,1.0,,
L1058_02,Product,L1058,2.0,,
L1058_03,Product,L1058,3.0,,
L1058_04,Product,L1058,4.0,,
L1058_05,Product,L1058,5.0,,
L1058_06,Product,L1058,6.0,,
L1058_07,Product,L1058,7.0,,
L1058_08,Product,L1058,8.0,,
L1058_09,Product,L1058,9.0,,
L1058_10,Product,L1058,10.0,,
L1058_11,Product,L1058,11.0,,
L1058_12,Product,L1058,12.0,,
L1058_13,Product,L1058,13.0,,
L1058_14,Product,L1058,14.0,,
L1058_15,Product,L1058,15.0,,
L1058_16,Product,L1058,16.0,,
L1058_17,Product,L1058,17.0,,
L1058_18,Product,L1058,18.0,,
L1058_19,Product,L1058,19.0,,
L1058_20,Product,L1058,20.0,,
L1058_21,Product,L1058,21.0,,
L1058_22,Product,L1058,22.0,,
L1058_23,Product,L1058,23.0,,
L1058_24,Product,L1058,24.0,,
L1059_01,Product,L1059,1.0,,
L1059_02,Product,L1059,2.0,,
L1059_03,Product,L1059,3.0,,
L1059_04,Product,L1059,4.0,,
L1059_05,Product,L1059,5.0,,
L1059_06,Product,L1059,6.0,,
L1059_07,Product,L1059,7.0,,
L1059_08,Product,L1059,8.0,,
L1059_09,Product,L1059,9.0,,
L1059_10,Product,L1059,10.0,,
L1059_11,Product,L1059,11.0,,
L1059_12,Product,L1059,12.0,,
L1059_13,Product,L1059,13.0,,
L1059_14,Product,L1059,14.0,,
L1059_15,Product,L1059,15.0,,
L1059_16,Product,L1059,16.0,,
L1059_17,Product,L1059,17.0,,
L1059_18,Product,L1059,18.0,,
L1059_19,Product,L1059,19.0,,
L1059_20,Product,L1059,20.0,,
L1059_21,Product,L1059,21.0,,
L1059_22,Product,L1059,22.0,,
L1059_23,Product,L1059,23.0,,
L1059_24,Product,L1059,24.0,,
L1060_01,Product,L1060,1.0,,
L1060_02,Product,L1060,2.0,,
L1060_03,Product,L1060,3.0,,
L1060_04,Product,L1060,4.0,,
L1060_05,Product,L1060,5.0,,
L1060_06,Product,L1060,6.0,,
L1060_07,Product,L1060,7.0,,
L1060_08,Product,L1060,8.0,,
L1060_09,Product,L1060,9.0,,
L1060_10,Product,L1060,10.0,,
L1060_11,Product,L1060,11.0,,
L1060_12,Product,L1060,12.0,,
L1060_13,Product,L1060,13.0,,
L1060_14,Product,L1060,14.0,,
L1060_15,Product,L1060,15.0,,
L1060_16,Product,L1060,16.0,,
L1060_17,Product,L1060,17.0,,
L1060_18,Product,L1060,18.0,,
L1060_19,Product,L1060,19.0,,
L1060_20,Product,L1060,20.0,,
L1060_21,Product,L1060,21.0,,
L1060_22,Product,L1060,22.0,,
L1060_23,Product,L1060,23.0,,
L1060_24,Product,L1060,24.0,,
L1061_01,Product,L1061,1.0,,
L1061_02,Product,L1061,2.0,,
L1061_03,Product,L1061,3.0,,
L1061_04,Product,L1061,4.0,,
L1061_05,Product,L1061,5.0,,
L1061_06,Product,L1061,6.0,,
L1061_07,Product,L1061,7.0,,
L1061_08,Product,L1061,8.0,,
L1061_09,Product,L1061,9.0,,
L1061_10,Product,L1061,10.0,,
L1061_11,Product,L1061,11.0,,
L1061_12,Product,L1061,12.0,,
L1061_13,Product,L1061,13.0,,
L1061_14,Product,L1061,14.0,,
L1061_15,Product,L1061,15.0,,
L1061_16,Product,L1061,16.0,,
L1061_17,Product,L1061,17.0,,
L1061_18,Product,L1061,18.0,,
L1061_19,Product,L1061,19.0,,
L1061_20,Product,L1061,20.0,,
L1061_21,Product,L1061,21.0,,
L1061_22,Product,L1061,22.0,,
L1061_23,Product,L1061,23.0,,
L1061_24,Product,L1061,24.0,,
L1062_01,Product,L1062,1.0,,
L1062_02,Product,L1062,2.0,,
L1062_03,Product,L1062,3.0,,
L1062_04,Product,L1062,4.0,,
L1062_05,Product,L1062,5.0,,
L1062_06,Product,L1062,6.0,,
L1062_07,Product,L1062,7.0,,
L1062_08,Product,L1062,8.0,,
L1062_09,Product,L1062,9.0,,
L1062_10,Product,L1062,10.0,,
L1062_11,Product,L1062,11.0,,
L1062_12,Product,L1062,12.0,,
L1062_13,Product,L1062,13.0,,
L1062_14,Product,L1062,14.0,,
L1062_15,Product,L1062,15.0,,
L1062_16,Product,L1062,16.0,,
L1062_17,Product,L1062,17.0,,
L1062_18,Product,L1062,18.0,,
L1062_19,Product,L1062,19.0,,
L1062_20,Product,L1062,20.0,,
L1062_21,Product,L1062,21.0,,
L1062_22,Product,L1062,22.0,,
L1062_23,Product,L1062,23.0,,
L1062_24,Product,L1062,24.0,,
L1063_01,Product,L1063,1.0,,
L1063_02,Product,L1063,2.0,,
L1063_03,Product,L1063,3.0,,
L1063_04,Product,L1063,4.0,,
L1063_05,Product,L1063,5.0,,
L1063_06,Product,L1063,6.0,,
L1063_07,Product,L1063,7.0,,
L1063_08,Product,L1063,8.0,,
L1063_09,Product,L1063,9.0,,
L1063_10,Product,L1063,10.0,,
L1063_11,Product,L1063,11.0,,
L1063_12,Product,L1063,12.0,,
L1063_13,Product,L1063,13.0,,
L1063_14,Product,L1063,14.0,,
L1063_15,Product,L1063,15.0,,
L1063_16,Product,L1063,16.0,,
L1063_17,Product,L1063,17.0,,
L1063_18,Product,L1063,18.0,,
L1063_19,Product,L1063,19.0,,
L1063_20,Product,L1063,20.0,,
L1063_21,Product,L1063,21.0,,
L1063_22,Product,L1063,22.0,,
L1063_23,Product,L1063,23.0,,
L1063_24,Product,L1063,24.0,,
L1064_01,Product,L1064,1.0,,
L1064_02,Product,L1064,2.0,,
L1064_03,Product,L1064,3.0,,
L1064_04,Product,L1064,4.0,,
L1064_05,Product,L1064,5.0,,
L1064_06,Product,L1064,6.0,,
L1064_07,Product,L1064,7.0,,
L1064_08,Product,L1064,8.0,,
L1064_09,Product,L1064,9.0,,
L1064_10,Product,L1064,10.0,,
L1064_11,Product,L1064,11.0,,
L1064_12,Product,L1064,12.0,,
L1064_13,Product,L1064,13.0,,
L1064_14,Product,L1064,14.0,,
L1064_15,Product,L1064,15.0,,
L1064_16,Product,L1064,16.0,,
L1064_17,Product,L1064,17.0,,
L1064_18,Product,L1064,18.0,,
L1064_19,Product,L1064,19.0,,
L1064_20,Product,L1064,20.0,,
L1064_21,Product,L1064,21.0,,
L1064_22,Product,L1064,22.0,,
L1064_23,Product,L1064,23.0,,
L1064_24,Product,L1064,24.0,,
L1065_01,Product,L1065,1.0,,
L1065_02,Product,L1065,2.0,,
L1065_03,Product,L1065,3.0,,
L1065_04,Product,L1065,4.0,,
L1065_05,Product,L1065,5.0,,
L1065_06,Product,L1065,6.0,,
L1065_07,Product,L1065,7.0,,
L1065_08,Product,L1065,8.0,,
L1065_09,Product,L1065,9.0,,
L1065_10,Product,L1065,10.0,,
L1065_11,Product,L1065,11.0,,
L1065_12,Product,L1065,12.0,,
L1065_13,Product,L1065,13.0,,
L1065_14,Product,L1065,14.0,,
L1065_15,Product,L1065,15.0,,
L1065_16,Product,L1065,16.0,,
L1065_17,Product,L1065,17.0,,
L1065_18,Product,L1065,18.0,,
L1065_19,Product,L1065,19.0,,
L1065_20,Product,L1065,20.0,,
L1065_21,Product,L1065,21.0,,
L1065_22,Product,L1065,22.0,,
L1065_23,Product,L1065,23.0,,
L1065_24,Product,L1065,24.0,,
L1066_01,Product,L1066,1.0,,
L1066_02,Product,L1066,2.0,,
L1066_03,Product,L1066,3.0,,
L1066_04,Product,L1066,4.0,,
L1066_05,Product,L1066,5.0,,
L1066_06,Product,L1066,6.0,,
L1066_07,Product,L1066,7.0,,
L1066_08,Product,L1066,8.0,,
L1066_09,Product,L1066,9.0,,
L1066_10,Product,L1066,10.0,,
L1066_11,Product,L1066,11.0,,
L1066_12,Product,L1066,12.0,,
L1066_13,Product,L1066,13.0,,
L1066_14,Product,L1066,14.0,,
L1066_15,Product,L1066,15.0,,
L1066_16,Product,L1066,16.0,,
L1066_17,Product,L1066,17.0,,
L1066_18,Product,L1066,18.0,,
L1066_19,Product,L1066,19.0,,
L1066_20,Product,L1066,20.0,,
L1066_21,Product,L1066,21.0,,
L1066_22,Product,L1066,22.0,,
L1066_23,Product,L1066,23.0,,
L1066_24,Product,L1066,24.0,,
L1067_01,Product,L1067,1.0,,
L1067_02,Product,L1067,2.0,,
L1067_03,Product,L1067,3.0,,
L1067_04,Product,L1067,4.0,,
L1067_05,Product,L1067,5.0,,
L1067_06,Product,L1067,6.0,,
L1067_07,Product,L1067,7.0,,
L1067_08,Product,L1067,8.0,,
L1067_09,Product,L1067,9.0,,
L1067_10,Product,L1067,10.0,,
L1067_11,Product,L1067,11.0,,
L1067_12,Product,L1067,12.0,,
L1067_13,Product,L1067,13.0,,
L1067_14,Product,L1067,14.0,,
L1067_15,Product,L1067,15.0,,
L1067_16,Product,L1067,16.0,,
L1067_17,Product,L1067,17.0,,
L1067_18,Product,L1067,18.0,,
L1067_19,Product,L1067,19.0,,
L1067_20,Product,L1067,20.0,,
L1067_21,Product,L1067,21.0,,
L1067_22,Product,L1067,22.0,,
L1067_23,Product,L1067,23.0,,
L1067_24,Product,L1067,24.0,,
L1068_01,Product,L1068,1.0,,
L1068_02,Product,L1068,2.0,,
L1068_03,Product,L1068,3.0,,
L1068_04,Product,L1068,4.0,,
L1068_05,Product,L1068,5.0,,
L1068_06,Product,L1068,6.0,,
L1068_07,Product,L1068,7.0,,
L1068_08,Product,L1068,8.0,,
L1068_09,Product,L1068,9.0,,
L1068_10,Product,L1068,10.0,,
L1068_11,Product,L1068,11.0,,
L1068_12,Product,L1068,12.0,,
L1068_13,Product,L1068,13.0,,
L1068_14,Product,L1068,14.0,,
L1068_15,Product,L1068,15.0,,
L1068_16,Product,L1068,16.0,,
L1068_17,Product,L1068,17.0,,
L1068_18,Product,L1068,18.0,,
L1068_19,Product,L1068,19.0,,
L1068_20,Product,L1068,20.0,,
L1068_21,Product,L1068,21.0,,
L1068_22,Product,L1068,22.0,,
L1068_23,Product,L1068,23.0,,
L1068_24,Product,L1068,24.0,,
L1069_01,Product,L1069,1.0,,
L1069_02,Product,L1069,2.0,,
L1069_03,Product,L1069,3.0,,
L1069_04,Product,L1069,4.0,,
L1069_05,Product,L1069,5.0,,
L1069_06,Product,L1069,6.0,,
L1069_07,Product,L1069,7.0,,
L1069_08,Product,L1069,8.0,,
L1069_09,Product,L1069,9.0,,
L1069_10,Product,L1069,10.0,,
L1069_11,Product,L1069,11.0,,
L1069_12,Product,L1069,12.0,,
L1069_13,Product,L1069,13.0,,
L1069_14,Product,L1069,14.0,,
L1069_15,Product,L1069,15.0,,
L1069_16,Product,L1069,16.0,,
L1069_17,Product,L1069,17.0,,
L1069_18,Product,L1069,18.0,,
L1069_19,Product,L1069,19.0,,
L1069_20,Product,L1069,20.0,,
L1069_21,Product,L1069,21.0,,
L1069_22,Product,L1069,22.0,,
L1069_23,Product,L1069,23.0,,
L1069_24,Product,L1069,24.0,,
L1070_01,Product,L1070,1.0,,
L1070_02,Product,L1070,2.0,,
L1070_03,Product,L1070,3.0,,
L1070_04,Product,L1070,4.0,,
L1070_05,Product,L1070,5.0,,
L1070_06,Product,L1070,6.0,,
L1070_07,Product,L1070,7.0,,
L1070_08,Product,L1070,8.0,,
L1070_09,Product,L1070,9.0,,
L1070_10,Product,L1070,10.0,,
L1070_11,Product,L1070,11.0,,
L1070_12,Product,L1070,12.0,,
L1070_13,Product,L1070,13.0,,
L1070_14,Product,L1070,14.0,,
L1070_15,Product,L1070,15.0,,
L1070_16,Product,L1070,16.0,,
L1070_17,Product,L1070,17.0,,
L1070_18,Product,L1070,18.0,,
L1070_19,Product,L1070,19.0,,
L1070_20,Product,L1070,20.0,,
L1070_21,Product,L1070,21.0,,
L1070_22,Product,L1070,22.0,,
L1070_23,Product,L1070,23.0,,
L1070_24,Product,L1070,24.0,,
L1071_01,Product,L1071,1.0,,
L1071_02,Product,L1071,2.0,,
L1071_03,Product,L1071,3.0,,
L1071_04,Product,L1071,4.0,,
L1071_05,Product,L1071,5.0,,
L1071_06,Product,L1071,6.0,,
L1071_07,Product,L1071,7.0,,
L1071_08,Product,L1071,8.0,,
L1071_09,Product,L1071,9.0,,
L1071_10,Product,L1071,10.0,,
L1071_11,Product,L1071,11.0,,
L1071_12,Product,L1071,12.0,,
L1071_13,Product,L1071,13.0,,
L1071_14,Product,L1071,14.0,,
L1071_15,Product,L1071,15.0,,
L1071_16,Product,L1071,16.0,,
L1071_17,Product,L1071,17.0,,
L1071_18,Product,L1071,18.0,,
L1071_19,Product,L1071,19.0,,
L1071_20,Product,L1071,20.0,,
L1071_21,Product,L1071,21.0,,
L1071_22,Product,L1071,22.0,,
L1071_23,Product,L1071,23.0,,
L1071_24,Product,L1071,24.0,,
L1072_01,Product,L1072,1.0,,
L1072_02,Product,L1072,2.0,,
L1072_03,Product,L1072,3.0,,
L1072_04,Product,L1072,4.0,,
L1072_05,Product,L1072,5.0,,
L1072_06,Product,L1072,6.0,,
L1072_07,Product,L1072,7.0,,
L1072_08,Product,L1072,8.0,,
L1072_09,Product,L1072,9.0,,
L1072_10,Product,L1072,10.0,,
L1072_11,Product,L1072,11.0,,
L1072_12,Product,L1072,12.0,,
L1072_13,Product,L1072,13.0,,
L1072_14,Product,L1072,14.0,,
L1072_15,Product,L1072,15.0,,
L1072_16,Product,L1072,16.0,,
L1072_17,Product,L1072,17.0,,
L1072_18,Product,L1072,18.0,,
L1072_19,Product,L1072,19.0,,
L1072_20,Product,L1072,20.0,,
L1072_21,Product,L1072,21.0,,
L1072_22,Product,L1072,22.0,,
L1072_23,Product,L1072,23.0,,
L1072_24,Product,L1072,24.0,,
L1073_01,Product,L1073,1.0,,
L1073_02,Product,L1073,2.0,,
L1073_03,Product,L1073,3.0,,
L1073_04,Product,L1073,4.0,,
L1073_05,Product,L1073,5.0,,
L1073_06,Product,L1073,6.0,,
L1073_07,Product,L1073,7.0,,
L1073_08,Product,L1073,8.0,,
L1073_09,Product,L1073,9.0,,
L1073_10,Product,L1073,10.0,,
L1073_11,Product,L1073,11.0,,
L1073_12,Product,L1073,12.0,,
L1073_13,Product,L1073,13.0,,
L1073_14,Product,L1073,14.0,,
L1073_15,Product,L1073,15.0,,
L1073_16,Product,L1073,16.0,,
L1073_17,Product,L1073,17.0,,
L1073_18,Product,L1073,18.0,,
L1073_19,Product,L1073,19.0,,
L1073_20,Product,L1073,20.0,,
L1073_21,Product,L1073,21.0,,
L1073_22,Product,L1073,22.0,,
L1073_23,Product,L1073,23.0,,
L1073_24,Product,L1073,24.0,,
L1074_01,Product,L1074,1.0,,
L1074_02,Product,L1074,2.0,,
L1074_03,Product,L1074,3.0,,
L1074_04,Product,L1074,4.0,,
L1074_05,Product,L1074,5.0,,
L1074_06,Product,L1074,6.0,,
L1074_07,Product,L1074,7.0,,
L1074_08,Product,L1074,8.0,,
L1074_09,Product,L1074,9.0,,
L1074_10,Product,L1074,10.0,,
L1074_11,Product,L1074,11.0,,
L1074_12,Product,L1074,12.0,,
L1074_13,Product,L1074,13.0,,
L1074_14,Product,L1074,14.0,,
L1074_15,Product,L1074,15.0,,
L1074_16,Product,L1074,16.0,,
L1074_17,Product,L1074,17.0,,
L1074_18,Product,L1074,18.0,,
L1074_19,Product,L1074,19.0,,
L1074_20,Product,L1074,20.0,,
L1074_21,Product,L1074,21.0,,
L1074_22,Product,L1074,22.0,,
L1074_23,Product,L1074,23.0,,
L1074_24,Product,L1074,24.0,,
L1075_01,Product,L1075,1.0,,
L1075_02,Product,L1075,2.0,,
L1075_03,Product,L1075,3.0,,
L1075_04,Product,L1075,4.0,,
L1075_05,Product,L1075,5.0,,
L1075_06,Product,L1075,6.0,,
L1075_07,Product,L1075,7.0,,
L1075_08,Product,L1075,8.0,,
L1075_09,Product,L1075,9.0,,
L1075_10,Product,L1075,10.0,,
L1075_11,Product,L1075,11.0,,
L1075_12,Product,L1075,12.0,,
L1075_13,Product,L1075,13.0,,
L1075_14,Product,L1075,14.0,,
L1075_15,Product,L1075,15.0,,
L1075_16,Product,L1075,16.0,,
L1075_17,Product,L1075,17.0,,
L1075_18,Product,L1075,18.0,,
L1075_19,Product,L1075,19.0,,
L1075_20,Product,L1075,20.0,,
L1075_21,Product,L1075,21.0,,
L1075_22,Product,L1075,22.0,,
L1075_23,Product,L1075,23.0,,
L1075_24,Product,L1075,24.0,,
L1076_01,Product,L1076,1.0,,
L1076_02,Product,L1076,2.0,,
L1076_03,Product,L1076,3.0,,
L1076_04,Product,L1076,4.0,,
L1076_05,Product,L1076,5.0,,
L1076_06,Product,L1076,6.0,,
L1076_07,Product,L1076,7.0,,
L1076_08,Product,L1076,8.0,,
L1076_09,Product,L1076,9.0,,
L1076_10,Product,L1076,10.0,,
L1076_11,Product,L1076,11.0,,
L1076_12,Product,L1076,12.0,,
L1076_13,Product,L1076,13.0,,
L1076_14,Product,L1076,14.0,,
L1076_15,Product,L1076,15.0,,
L1076_16,Product,L1076,16.0,,
L1076_17,Product,L1076,17.0,,
L1076_18,Product,L1076,18.0,,
L1076_19,Product,L1076,19.0,,
L1076_20,Product,L1076,20.0,,
L1076_21,Product,L1076,21.0,,
L1076_22,Product,L1076,22.0,,
L1076_23,Product,L1076,23.0,,
L1076_24,Product,L1076,24.0,,
L1077_01,Product,L1077,1.0,,
L1077_02,Product,L1077,2.0,,
L1077_03,Product,L1077,3.0,,
L1077_04,Product,L1077,4.0,,
L1077_05,Product,L1077,5.0,,
L1077_06,Product,L1077,6.0,,
L1077_07,Product,L1077,7.0,,
L1077_08,Product,L1077,8.0,,
L1077_09,Product,L1077,9.0,,
L1077_10,Product,L1077,10.0,,
L1077_11,Product,L1077,11.0,,
L1077_12,Product,L1077,12.0,,
L1077_13,Product,L1077,13.0,,
L1077_14,Product,L1077,14.0,,
L1077_15,Product,L1077,15.0,,
L1077_16,Product,L1077,16.0,,
L1077_17,Product,L1077,17.0,,
L1077_18,Product,L1077,18.0,,
L1077_19,Product,L1077,19.0,,
L1077_20,Product,L1077,20.0,,
L1077_21,Product,L1077,21.0,,
L1077_22,Product,L1077,22.0,,
L1077_23,Product,L1077,23.0,,
L1077_24,Product,L1077,24.0,,
L1078_01,Product,L1078,1.0,,
L1078_02,Product,L1078,2.0,,
L1078_03,Product,L1078,3.0,,
L1078_04,Product,L1078,4.0,,
L1078_05,Product,L1078,5.0,,
L1078_06,Product,L1078,6.0,,
L1078_07,Product,L1078,7.0,,
L1078_08,Product,L1078,8.0,,
L1078_09,Product,L1078,9.0,,
L1078_10,Product,L1078,10.0,,
L1078_11,Product,L1078,11.0,,
L1078_12,Product,L1078,12.0,,
L1078_13,Product,L1078,13.0,,
L1078_14,Product,L1078,14.0,,
L1078_15,Product,L1078,15.0,,
L1078_16,Product,L1078,16.0,,
L1078_17,Product,L1078,17.0,,
L1078_18,Product,L1078,18.0,,
L1078_19,Product,L1078,19.0,,
L1078_20,Product,L1078,20.0,,
L1078_21,Product,L1078,21.0,,
L1078_22,Product,L1078,22.0,,
L1078_23,Product,L1078,23.0,,
L1078_24,Product,L1078,24.0,,
L1079_01,Product,L1079,1.0,,
L1079_02,Product,L1079,2.0,,
L1079_03,Product,L1079,3.0,,
L1079_04,Product,L1079,4.0,,
L1079_05,Product,L1079,5.0,,
L1079_06,Product,L1079,6.0,,
L1079_07,Product,L1079,7.0,,
L1079_08,Product,L1079,8.0,,
L1079_09,Product,L1079,9.0,,
L1079_10,Product,L1079,10.0,,
L1079_11,Product,L1079,11.0,,
L1079_12,Product,L1079,12.0,,
L1079_13,Product,L1079,13.0,,
L1079_14,Product,L1079,14.0,,
L1079_15,Product,L1079,15.0,,
L1079_16,Product,L1079,16.0,,
L1079_17,Product,L1079,17.0,,
L1079_18,Product,L1079,18.0,,
L1079_19,Product,L1079,19.0,,
L1079_20,Product,L1079,20.0,,
L1079_21,Product,L1079,21.0,,
L1079_22,Product,L1079,22.0,,
L1079_23,Product,L1079,23.0,,
L1079_24,Product,L1079,24.0,,
L1080_01,Product,L1080,1.0,,
L1080_02,Product,L1080,2.0,,
L1080_03,Product,L1080,3.0,,
L1080_04,Product,L1080,4.0,,
L1080_05,Product,L1080,5.0,,
L1080_06,Product,L1080,6.0,,
L1080_07,Product,L1080,7.0,,
L1080_08,Product,L1080,8.0,,
L1080_09,Product,L1080,9.0,,
L1080_10,Product,L1080,10.0,,
L1080_11,Product,L1080,11.0,,
L1080_12,Product,L1080,12.0,,
L1080_13,Product,L1080,13.0,,
L1080_14,Product,L1080,14.0,,
L1080_15,Product,L1080,15.0,,
L1080_16,Product,L1080,16.0,,
L1080_17,Product,L1080,17.0,,
L1080_18,Product,L1080,18.0,,
L1080_19,Product,L1080,19.0,,
L1080_20,Product,L1080,20.0,,
L1080_21,Product,L1080,21.0,,
L1080_22,Product,L1080,22.0,,
L1080_23,Product,L1080,23.0,,
L1080_24,Product,L1080,24.0,,
L1081_01,Product,L1081,1.0,,
L1081_02,Product,L1081,2.0,,
L1081_03,Product,L1081,3.0,,
L1081_04,Product,L1081,4.0,,
L1081_05,Product,L1081,5.0,,
L1081_06,Product,L1081,6.0,,
L1081_07,Product,L1081,7.0,,
L1081_08,Product,L1081,8.0,,
L1081_09,Product,L1081,9.0,,
L1081_10,Product,L1081,10.0,,
L1081_11,Product,L1081,11.0,,
L1081_12,Product,L1081,12.0,,
L1081_13,Product,L1081,13.0,,
L1081_14,Product,L1081,14.0,,
L1081_15,Product,L1081,15.0,,
L1081_16,Product,L1081,16.0,,
L1081_17,Product,L1081,17.0,,
L1081_18,Product,L1081,18.0,,
L1081_19,Product,L1081,19.0,,
L1081_20,Product,L1081,20.0,,
L1081_21,Product,L1081,21.0,,
L1081_22,Product,L1081,22.0,,
L1081_23,Product,L1081,23.0,,
L1081_24,Product,L1081,24.0,,
L1082_01,Product,L1082,1.0,,
L1082_02,Product,L1082,2.0,,
L1082_03,Product,L1082,3.0,,
L1082_04,Product,L1082,4.0,,
L1082_05,Product,L1082,5.0,,
L1082_06,Product,L1082,6.0,,
L1082_07,Product,L1082,7.0,,
L1082_08,Product,L1082,8.0,,
L1082_09,Product,L1082,9.0,,
L1082_10,Product,L1082,10.0,,
L1082_11,Product,L1082,11.0,,
L1082_12,Product,L1082,12.0,,
L1082_13,Product,L1082,13.0,,
L1082_14,Product,L1082,14.0,,
L1082_15,Product,L1082,15.0,,
L1082_16,Product,L1082,16.0,,
L1082_17,Product,L1082,17.0,,
L1082_18,Product,L1082,18.0,,
L1082_19,Product,L1082,19.0,,
L1082_20,Product,L1082,20.0,,
L1082_21,Product,L1082,21.0,,
L1082_22,Product,L1082,22.0,,
L1082_23,Product,L1082,23.0,,
L1082_24,Product,L1082,24.0,,
L1083_01,Product,L1083,1.0,,
L1083_02,Product,L1083,2.0,,
L1083_03,Product,L1083,3.0,,
L1083_04,Product,L1083,4.0,,
L1083_05,Product,L1083,5.0,,
L1083_06,Product,L1083,6.0,,
L1083_07,Product,L1083,7.0,,
L1083_08,Product,L1083,8.0,,
L1083_09,Product,L1083,9.0,,
L1083_10,Product,L1083,10.0,,
L1083_11,Product,L1083,11.0,,
L1083_12,Product,L1083,12.0,,
L1083_13,Product,L1083,13.0,,
L1083_14,Product,L1083,14.0,,
L1083_15,Product,L1083,15.0,,
L1083_16,Product,L1083,16.0,,
L1083_17,Product,L1083,17.0,,
L1083_18,Product,L1083,18.0,,
L1083_19,Product,L1083,19.0,,
L1083_20,Product,L1083,20.0,,
L1083_21,Product,L1083,21.0,,
L1083_22,Product,L1083,22.0,,
L1083_23,Product,L1083,23.0,,
L1083_24,Product,L1083,24.0,,
L1084_01,Product,L1084,1.0,,
L1084_02,Product,L1084,2.0,,
L1084_03,Product,L1084,3.0,,
L1084_04,Product,L1084,4.0,,
L1084_05,Product,L1084,5.0,,
L1084_06,Product,L1084,6.0,,
L1084_07,Product,L1084,7.0,,
L1084_08,Product,L1084,8.0,,
L1084_09,Product,L1084,9.0,,
L1084_10,Product,L1084,10.0,,
L1084_11,Product,L1084,11.0,,
L1084_12,Product,L1084,12.0,,
L1084_13,Product,L1084,13.0,,
L1084_14,Product,L1084,14.0,,
L1084_15,Product,L1084,15.0,,
L1084_16,Product,L1084,16.0,,
L1084_17,Product,L1084,17.0,,
L1084_18,Product,L1084,18.0,,
L1084_19,Product,L1084,19.0,,
L1084_20,Product,L1084,20.0,,
L1084_21,Product,L1084,21.0,,
L1084_22,Product,L1084,22.0,,
L1084_23,Product,L1084,23.0,,
L1084_24,Product,L1084,24.0,,
L1085_01,Product,L1085,1.0,,
L1085_02,Product,L1085,2.0,,
L1085_03,Product,L1085,3.0,,
L1085_04,Product,L1085,4.0,,
L1085_05,Product,L1085,5.0,,
L1085_06,Product,L1085,6.0,,
L1085_07,Product,L1085,7.0,,
L1085_08,Product,L1085,8.0,,
L1085_09,Product,L1085,9.0,,
L1085_10,Product,L1085,10.0,,
L1085_11,Product,L1085,11.0,,
L1085_12,Product,L1085,12.0,,
L1085_13,Product,L1085,13.0,,
L1085_14,Product,L1085,14.0,,
L1085_15,Product,L1085,15.0,,
L1085_16,Product,L1085,16.0,,
L1085_17,Product,L1085,17.0,,
L1085_18,Product,L1085,18.0,,
L1085_19,Product,L1085,19.0,,
L1085_20,Product,L1085,20.0,,
L1085_21,Product,L1085,21.0,,
L1085_22,Product,L1085,22.0,,
L1085_23,Product,L1085,23.0,,
L1085_24,Product,L1085,24.0,,
L1086_01,Product,L1086,1.0,,
L1086_02,Product,L1086,2.0,,
L1086_03,Product,L1086,3.0,,
L1086_04,Product,L1086,4.0,,
L1086_05,Product,L1086,5.0,,
L1086_06,Product,L1086,6.0,,
L1086_07,Product,L1086,7.0,,
L1086_08,Product,L1086,8.0,,
L1086_09,Product,L1086,9.0,,
L1086_10,Product,L1086,10.0,,
L1086_11,Product,L1086,11.0,,
L1086_12,Product,L1086,12.0,,
L1086_13,Product,L1086,13.0,,
L1086_14,Product,L1086,14.0,,
L1086_15,Product,L1086,15.0,,
L1086_16,Product,L1086,16.0,,
L1086_17,Product,L1086,17.0,,
L1086_18,Product,L1086,18.0,,
L1086_19,Product,L1086,19.0,,
L1086_20,Product,L1086,20.0,,
L1086_21,Product,L1086,21.0,,
L1086_22,Product,L1086,22.0,,
L1086_23,Product,L1086,23.0,,
L1086_24,Product,L1086,24.0,,
L1087_01,Product,L1087,1.0,,
L1087_02,Product,L1087,2.0,,
L1087_03,Product,L1087,3.0,,
L1087_04,Product,L1087,4.0,,
L1087_05,Product,L1087,5.0,,
L1087_06,Product,L1087,6.0,,
L1087_07,Product,L1087,7.0,,
L1087_08,Product,L1087,8.0,,
L1087_09,Product,L1087,9.0,,
L1087_10,Product,L1087,10.0,,
L1087_11,Product,L1087,11.0,,
L1087_12,Product,L1087,12.0,,
L1087_13,Product,L1087,13.0,,
L1087_14,Product,L1087,14.0,,
L1087_15,Product,L1087,15.0,,
L1087_16,Product,L1087,16.0,,
L1087_17,Product,L1087,17.0,,
L1087_18,Product,L1087,18.0,,
L1087_19,Product,L1087,19.0,,
L1087_20,Product,L1087,20.0,,
L1087_21,Product,L1087,21.0,,
L1087_22,Product,L1087,22.0,,
L1087_23,Product,L1087,23.0,,
L1087_24,Product,L1087,24.0,,
L1088_01,Product,L1088,1.0,,
L1088_02,Product,L1088,2.0,,
L1088_03,Product,L1088,3.0,,
L1088_04,Product,L1088,4.0,,
L1088_05,Product,L1088,5.0,,
L1088_06,Product,L1088,6.0,,
L1088_07,Product,L1088,7.0,,
L1088_08,Product,L1088,8.0,,
L1088_09,Product,L1088,9.0,,
L1088_10,Product,L1088,10.0,,
L1088_11,Product,L1088,11.0,,
L1088_12,Product,L1088,12.0,,
L1088_13,Product,L1088,13.0,,
L1088_14,Product,L1088,14.0,,
L1088_15,Product,L1088,15.0,,
L1088_16,Product,L1088,16.0,,
L1088_17,Product,L1088,17.0,,
L1088_18,Product,L1088,18.0,,
L1088_19,Product,L1088,19.0,,
L1088_20,Product,L1088,20.0,,
L1088_21,Product,L1088,21.0,,
L1088_22,Product,L1088,22.0,,
L1088_23,Product,L1088,23.0,,
L1088_24,Product,L1088,24.0,,
L1089_01,Product,L1089,1.0,,
L1089_02,Product,L1089,2.0,,
L1089_03,Product,L1089,3.0,,
L1089_04,Product,L1089,4.0,,
L1089_05,Product,L1089,5.0,,
L1089_06,Product,L1089,6.0,,
L1089_07,Product,L1089,7.0,,
L1089_08,Product,L1089,8.0,,
L1089_09,Product,L1089,9.0,,
L1089_10,Product,L1089,10.0,,
L1089_11,Product,L1089,11.0,,
L1089_12,Product,L1089,12.0,,
L1089_13,Product,L1089,13.0,,
L1089_14,Product,L1089,14.0,,
L1089_15,Product,L1089,15.0,,
L1089_16,Product,L1089,16.0,,
L1089_17,Product,L1089,17.0,,
L1089_18,Product,L1089,18.0,,
L1089_19,Product,L1089,19.0,,
L1089_20,Product,L1089,20.0,,
L1089_21,Product,L1089,21.0,,
L1089_22,Product,L1089,22.0,,
L1089_23,Product,L1089,23.0,,
L1089_24,Product,L1089,24.0,,
L1090_01,Product,L1090,1.0,,
L1090_02,Product,L1090,2.0,,
L1090_03,Product,L1090,3.0,,
L1090_04,Product,L1090,4.0,,
L1090_05,Product,L1090,5.0,,
L1090_06,Product,L1090,6.0,,
L1090_07,Product,L1090,7.0,,
L1090_08,Product,L1090,8.0,,
L1090_09,Product,L1090,9.0,,
L1090_10,Product,L1090,10.0,,
L1090_11,Product,L1090,11.0,,
L1090_12,Product,L1090,12.0,,
L1090_13,Product,L1090,13.0,,
L1090_14,Product,L1090,14.0,,
L1090_15,Product,L1090,15.0,,
L1090_16,Product,L1090,16.0,,
L1090_17,Product,L1090,17.0,,
L1090_18,Product,L1090,18.0,,
L1090_19,Product,L1090,19.0,,
L1090_20,Product,L1090,20.0,,
L1090_21,Product,L1090,21.0,,
L1090_22,Product,L1090,22.0,,
L1090_23,Product,L1090,23.0,,
L1090_24,Product,L1090,24.0,,
L1091_01,Product,L1091,1.0,,
L1091_02,Product,L1091,2.0,,
L1091_03,Product,L1091,3.0,,
L1091_04,Product,L1091,4.0,,
L1091_05,Product,L1091,5.0,,
L1091_06,Product,L1091,6.0,,
L1091_07,Product,L1091,7.0,,
L1091_08,Product,L1091,8.0,,
L1091_09,Product,L1091,9.0,,
L1091_10,Product,L1091,10.0,,
L1091_11,Product,L1091,11.0,,
L1091_12,Product,L1091,12.0,,
L1091_13,Product,L1091,13.0,,
L1091_14,Product,L1091,14.0,,
L1091_15,Product,L1091,15.0,,
L1091_16,Product,L1091,16.0,,
L1091_17,Product,L1091,17.0,,
L1091_18,Product,L1091,18.0,,
L1091_19,Product,L1091,19.0,,
L1091_20,Product,L1091,20.0,,
L1091_21,Product,L1091,21.0,,
L1091_22,Product,L1091,22.0,,
L1091_23,Product,L1091,23.0,,
L1091_24,Product,L1091,24.0,,
L1092_01,Product,L1092,1.0,,
L1092_02,Product,L1092,2.0,,
L1092_03,Product,L1092,3.0,,
L1092_04,Product,L1092,4.0,,
L1092_05,Product,L1092,5.0,,
L1092_06,Product,L1092,6.0,,
L1092_07,Product,L1092,7.0,,
L1092_08,Product,L1092,8.0,,
L1092_09,Product,L1092,9.0,,
L1092_10,Product,L1092,10.0,,
L1092_11,Product,L1092,11.0,,
L1092_12,Product,L1092,12.0,,
L1092_13,Product,L1092,13.0,,
L1092_14,Product,L1092,14.0,,
L1092_15,Product,L1092,15.0,,
L1092_16,Product,L1092,16.0,,
L1092_17,Product,L1092,17.0,,
L1092_18,Product,L1092,18.0,,
L1092_19,Product,L1092,19.0,,
L1092_20,Product,L1092,20.0,,
L1092_21,Product,L1092,21.0,,
L1092_22,Product,L1092,22.0,,
L1092_23,Product,L1092,23.0,,
L1092_24,Product,L1092,24.0,,
L1093_01,Product,L1093,1.0,,
L1093_02,Product,L1093,2.0,,
L1093_03,Product,L1093,3.0,,
L1093_04,Product,L1093,4.0,,
L1093_05,Product,L1093,5.0,,
L1093_06,Product,L1093,6.0,,
L1093_07,Product,L1093,7.0,,
L1093_08,Product,L1093,8.0,,
L1093_09,Product,L1093,9.0,,
L1093_10,Product,L1093,10.0,,
L1093_11,Product,L1093,11.0,,
L1093_12,Product,L1093,12.0,,
L1093_13,Product,L1093,13.0,,
L1093_14,Product,L1093,14.0,,
L1093_15,Product,L1093,15.0,,
L1093_16,Product,L1093,16.0,,
L1093_17,Product,L1093,17.0,,
L1093_18,Product,L1093,18.0,,
L1093_19,Product,L1093,19.0,,
L1093_20,Product,L1093,20.0,,
L1093_21,Product,L1093,21.0,,
L1093_22,Product,L1093,22.0,,
L1093_23,Product,L1093,23.0,,
L1093_24,Product,L1093,24.0,,
L1094_01,Product,L1094,1.0,,
L1094_02,Product,L1094,2.0,,
L1094_03,Product,L1094,3.0,,
L1094_04,Product,L1094,4.0,,
L1094_05,Product,L1094,5.0,,
L1094_06,Product,L1094,6.0,,
L1094_07,Product,L1094,7.0,,
L1094_08,Product,L1094,8.0,,
L1094_09,Product,L1094,9.0,,
L1094_10,Product,L1094,10.0,,
L1094_11,Product,L1094,11.0,,
L1094_12,Product,L1094,12.0,,
L1094_13,Product,L1094,13.0,,
L1094_14,Product,L1094,14.0,,
L1094_15,Product,L1094,15.0,,
L1094_16,Product,L1094,16.0,,
L1094_17,Product,L1094,17.0,,
L1094_18,Product,L1094,18.0,,
L1094_19,Product,L1094,19.0,,
L1094_20,Product,L1094,20.0,,
L1094_21,Product,L1094,21.0,,
L1094_22,Product,L1094,22.0,,
L1094_23,Product,L1094,23.0,,
L1094_24,Product,L1094,24.0,,
L1095_01,Product,L1095,1.0,,
L1095_02,Product,L1095,2.0,,
L1095_03,Product,L1095,3.0,,
L1095_04,Product,L1095,4.0,,
L1095_05,Product,L1095,5.0,,
L1095_06,Product,L1095,6.0,,
L1095_07,Product,L1095,7.0,,
L1095_08,Product,L1095,8.0,,
L1095_09,Product,L1095,9.0,,
L1095_10,Product,L1095,10.0,,
L1095_11,Product,L1095,11.0,,
L1095_12,Product,L1095,12.0,,
L1095_13,Product,L1095,13.0,,
L1095_14,Product,L1095,14.0,,
L1095_15,Product,L1095,15.0,,
L1095_16,Product,L1095,16.0,,
L1095_17,Product,L1095,17.0,,
L1095_18,Product,L1095,18.0,,
L1095_19,Product,L1095,19.0,,
L1095_20,Product,L1095,20.0,,
L1095_21,Product,L1095,21.0,,
L1095_22,Product,L1095,22.0,,
L1095_23,Product,L1095,23.0,,
L1095_24,Product,L1095,24.0,,
L1096_01,Product,L1096,1.0,,
L1096_02,Product,L1096,2.0,,
L1096_03,Product,L1096,3.0,,
L1096_04,Product,L1096,4.0,,
L1096_05,Product,L1096,5.0,,
L1096_06,Product,L1096,6.0,,
L1096_07,Product,L1096,7.0,,
L1096_08,Product,L1096,8.0,,
L1096_09,Product,L1096,9.0,,
L1096_10,Product,L1096,10.0,,
L1096_11,Product,L1096,11.0,,
L1096_12,Product,L1096,12.0,,
L1096_13,Product,L1096,13.0,,
L1096_14,Product,L1096,14.0,,
L1096_15,Product,L1096,15.0,,
L1096_16,Product,L1096,16.0,,
L1096_17,Product,L1096,17.0,,
L1096_18,Product,L1096,18.0,,
L1096_19,Product,L1096,19.0,,
L1096_20,Product,L1096,20.0,,
L1096_21,Product,L1096,21.0,,
L1096_22,Product,L1096,22.0,,
L1096_23,Product,L1096,23.0,,
L1096_24,Product,L1096,24.0,,
L1097_01,Product,L1097,1.0,,
L1097_02,Product,L1097,2.0,,
L1097_03,Product,L1097,3.0,,
L1097_04,Product,L1097,4.0,,
L1097_05,Product,L1097,5.0,,
L1097_06,Product,L1097,6.0,,
L1097_07,Product,L1097,7.0,,
L1097_08,Product,L1097,8.0,,
L1097_09,Product,L1097,9.0,,
L1097_10,Product,L1097,10.0,,
L1097_11,Product,L1097,11.0,,
L1097_12,Product,L1097,12.0,,
L1097_13,Product,L1097,13.0,,
L1097_14,Product,L1097,14.0,,
L1097_15,Product,L1097,15.0,,
L1097_16,Product,L1097,16.0,,
L1097_17,Product,L1097,17.0,,
L1097_18,Product,L1097,18.0,,
L1097_19,Product,L1097,19.0,,
L1097_20,Product,L1097,20.0,,
L1097_21,Product,L1097,21.0,,
L1097_22,Product,L1097,22.0,,
L1097_23,Product,L1097,23.0,,
L1097_24,Product,L1097,24.0,,
L1098_01,Product,L1098,1.0,,
L1098_02,Product,L1098,2.0,,
L1098_03,Product,L1098,3.0,,
L1098_04,Product,L1098,4.0,,
L1098_05,Product,L1098,5.0,,
L1098_06,Product,L1098,6.0,,
L1098_07,Product,L1098,7.0,,
L1098_08,Product,L1098,8.0,,
L1098_09,Product,L1098,9.0,,
L1098_10,Product,L1098,10.0,,
L1098_11,Product,L1098,11.0,,
L1098_12,Product,L1098,12.0,,
L1098_13,Product,L1098,13.0,,
L1098_14,Product,L1098,14.0,,
L1098_15,Product,L1098,15.0,,
L1098_16,Product,L1098,16.0,,
L1098_17,Product,L1098,17.0,,
L1098_18,Product,L1098,18.0,,
L1098_19,Product,L1098,19.0,,
L1098_20,Product,L1098,20.0,,
L1098_21,Product,L1098,21.0,,
L1098_22,Product,L1098,22.0,,
L1098_23,Product,L1098,23.0,,
L1098_24,Product,L1098,24.0,,
L1099_01,Product,L1099,1.0,,
L1099_02,Product,L1099,2.0,,
L1099_03,Product,L1099,3.0,,
L1099_04,Product,L1099,4.0,,
L1099_05,Product,L1099,5.0,,
L1099_06,Product,L1099,6.0,,
L1099_07,Product,L1099,7.0,,
L1099_08,Product,L1099,8.0,,
L1099_09,Product,L1099,9.0,,
L1099_10,Product,L1099,10.0,,
L1099_11,Product,L1099,11.0,,
L1099_12,Product,L1099,12.0,,
L1099_13,Product,L1099,13.0,,
L1099_14,Product,L1099,14.0,,
L1099_15,Product,L1099,15.0,,
L1099_16,Product,L1099,16.0,,
L1099_17,Product,L1099,17.0,,
L1099_18,Product,L1099,18.0,,
L1099_19,Product,L1099,19.0,,
L1099_20,Product,L1099,20.0,,
L1099_21,Product,L1099,21.0,,
L1099_22,Product,L1099,22.0,,
L1099_23,Product,L1099,23.0,,
L1099_24,Product,L1099,24.0,,
L1100_01,Product,L1100,1.0,,
L1100_02,Product,L1100,2.0,,
L1100_03,Product,L1100,3.0,,
L1100_04,Product,L1100,4.0,,
L1100_05,Product,L1100,5.0,,
L1100_06,Product,L1100,6.0,,
L1100_07,Product,L1100,7.0,,
L1100_08,Product,L1100,8.0,,
L1100_09,Product,L1100,9.0,,
L1100_10,Product,L1100,10.0,,
L1100_11,Product,L1100,11.0,,
L1100_12,Product,L1100,12.0,,
L1100_13,Product,L1100,13.0,,
L1100_14,Product,L1100,14.0,,
L1100_15,Product,L1100,15.0,,
L1100_16,Product,L1100,16.0,,
L1100_17,Product,L1100,17.0,,
L1100_18,Product,L1100,18.0,,
L1100_19,Product,L1100,19.0,,
L1100_20,Product,L1100,20.0,,
L1100_21,Product,L1100,21.0,,
L1100_22,Product,L1100,22.0,,
L1100_23,Product,L1100,23.0,,
L1100_24,Product,L1100,24.0,,
L1101_01,Product,L1101,1.0,,
L1101_02,Product,L1101,2.0,,
L1101_03,Product,L1101,3.0,,
L1101_04,Product,L1101,4.0,,
L1101_05,Product,L1101,5.0,,
L1101_06,Product,L1101,6.0,,
L1101_07,Product,L1101,7.0,,
L1101_08,Product,L1101,8.0,,
L1101_09,Product,L1101,9.0,,
L1101_10,Product,L1101,10.0,,
L1101_11,Product,L1101,11.0,,
L1101_12,Product,L1101,12.0,,
L1101_13,Product,L1101,13.0,,
L1101_14,Product,L1101,14.0,,
L1101_15,Product,L1101,15.0,,
L1101_16,Product,L1101,16.0,,
L1101_17,Product,L1101,17.0,,
L1101_18,Product,L1101,18.0,,
L1101_19,Product,L1101,19.0,,
L1101_20,Product,L1101,20.0,,
L1101_21,Product,L1101,21.0,,
L1101_22,Product,L1101,22.0,,
L1101_23,Product,L1101,23.0,,
L1101_24,Product,L1101,24.0,,
L1102_01,Product,L1102,1.0,,
L1102_02,Product,L1102,2.0,,
L1102_03,Product,L1102,3.0,,
L1102_04,Product,L1102,4.0,,
L1102_05,Product,L1102,5.0,,
L1102_06,Product,L1102,6.0,,
L1102_07,Product,L1102,7.0,,
L1102_08,Product,L1102,8.0,,
L1102_09,Product,L1102,9.0,,
L1102_10,Product,L1102,10.0,,
L1102_11,Product,L1102,11.0,,
L1102_12,Product,L1102,12.0,,
L1102_13,Product,L1102,13.0,,
L1102_14,Product,L1102,14.0,,
L1102_15,Product,L1102,15.0,,
L1102_16,Product,L1102,16.0,,
L1102_17,Product,L1102,17.0,,
L1102_18,Product,L1102,18.0,,
L1102_19,Product,L1102,19.0,,
L1102_20,Product,L1102,20.0,,
L1102_21,Product,L1102,21.0,,
L1102_22,Product,L1102,22.0,,
L1102_23,Product,L1102,23.0,,
L1102_24,Product,L1102,24.0,,
L1103_01,Product,L1103,1.0,,
L1103_02,Product,L1103,2.0,,
L1103_03,Product,L1103,3.0,,
L1103_04,Product,L1103,4.0,,
L1103_05,Product,L1103,5.0,,
L1103_06,Product,L1103,6.0,,
L1103_07,Product,L1103,7.0,,
L1103_08,Product,L1103,8.0,,
L1103_09,Product,L1103,9.0,,
L1103_10,Product,L1103,10.0,,
L1103_11,Product,L1103,11.0,,
L1103_12,Product,L1103,12.0,,
L1103_13,Product,L1103,13.0,,
L1103_14,Product,L1103,14.0,,
L1103_15,Product,L1103,15.0,,
L1103_16,Product,L1103,16.0,,
L1103_17,Product,L1103,17.0,,
L1103_18,Product,L1103,18.0,,
L1103_19,Product,L1103,19.0,,
L1103_20,Product,L1103,20.0,,
L1103_21,Product,L1103,21.0,,
L1103_22,Product,L1103,22.0,,
L1103_23,Product,L1103,23.0,,
L1103_24,Product,L1103,24.0,,
L1104_01,Product,L1104,1.0,,
L1104_02,Product,L1104,2.0,,
L1104_03,Product,L1104,3.0,,
L1104_04,Product,L1104,4.0,,
L1104_05,Product,L1104,5.0,,
L1104_06,Product,L1104,6.0,,
L1104_07,Product,L1104,7.0,,
L1104_08,Product,L1104,8.0,,
L1104_09,Product,L1104,9.0,,
L1104_10,Product,L1104,10.0,,
L1104_11,Product,L1104,11.0,,
L1104_12,Product,L1104,12.0,,
L1104_13,Product,L1104,13.0,,
L1104_14,Product,L1104,14.0,,
L1104_15,Product,L1104,15.0,,
L1104_16,Product,L1104,16.0,,
L1104_17,Product,L1104,17.0,,
L1104_18,Product,L1104,18.0,,
L1104_19,Product,L1104,19.0,,
L1104_20,Product,L1104,20.0,,
L1104_21,Product,L1104,21.0,,
L1104_22,Product,L1104,22.0,,
L1104_23,Product,L1104,23.0,,
L1104_24,Product,L1104,24.0,,
L1105_01,Product,L1105,1.0,,
L1105_02,Product,L1105,2.0,,
L1105_03,Product,L1105,3.0,,
L1105_04,Product,L1105,4.0,,
L1105_05,Product,L1105,5.0,,
L1105_06,Product,L1105,6.0,,
L1105_07,Product,L1105,7.0,,
L1105_08,Product,L1105,8.0,,
L1105_09,Product,L1105,9.0,,
L1105_10,Product,L1105,10.0,,
L1105_11,Product,L1105,11.0,,
L1105_12,Product,L1105,12.0,,
L1105_13,Product,L1105,13.0,,
L1105_14,Product,L1105,14.0,,
L1105_15,Product,L1105,15.0,,
L1105_16,Product,L1105,16.0,,
L1105_17,Product,L1105,17.0,,
L1105_18,Product,L1105,18.0,,
L1105_19,Product,L1105,19.0,,
L1105_20,Product,L1105,20.0,,
L1105_21,Product,L1105,21.0,,
L1105_22,Product,L1105,22.0,,
L1105_23,Product,L1105,23.0,,
L1105_24,Product,L1105,24.0,,
L1106_01,Product,L1106,1.0,,
L1106_02,Product,L1106,2.0,,
L1106_03,Product,L1106,3.0,,
L1106_04,Product,L1106,4.0,,
L1106_05,Product,L1106,5.0,,
L1106_06,Product,L1106,6.0,,
L1106_07,Product,L1106,7.0,,
L1106_08,Product,L1106,8.0,,
L1106_09,Product,L1106,9.0,,
L1106_10,Product,L1106,10.0,,
L1106_11,Product,L1106,11.0,,
L1106_12,Product,L1106,12.0,,
L1106_13,Product,L1106,13.0,,
L1106_14,Product,L1106,14.0,,
L1106_15,Product,L1106,15.0,,
L1106_16,Product,L1106,16.0,,
L1106_17,Product,L1106,17.0,,
L1106_18,Product,L1106,18.0,,
L1106_19,Product,L1106,19.0,,
L1106_20,Product,L1106,20.0,,
L1106_21,Product,L1106,21.0,,
L1106_22,Product,L1106,22.0,,
L1106_23,Product,L1106,23.0,,
L1106_24,Product,L1106,24.0,,
L1107_01,Product,L1107,1.0,,
L1107_02,Product,L1107,2.0,,
L1107_03,Product,L1107,3.0,,
L1107_04,Product,L1107,4.0,,
L1107_05,Product,L1107,5.0,,
L1107_06,Product,L1107,6.0,,
L1107_07,Product,L1107,7.0,,
L1107_08,Product,L1107,8.0,,
L1107_09,Product,L1107,9.0,,
L1107_10,Product,L1107,10.0,,
L1107_11,Product,L1107,11.0,,
L1107_12,Product,L1107,12.0,,
L1107_13,Product,L1107,13.0,,
L1107_14,Product,L1107,14.0,,
L1107_15,Product,L1107,15.0,,
L1107_16,Product,L1107,16.0,,
L1107_17,Product,L1107,17.0,,
L1107_18,Product,L1107,18.0,,
L1107_19,Product,L1107,19.0,,
L1107_20,Product,L1107,20.0,,
L1107_21,Product,L1107,21.0,,
L1107_22,Product,L1107,22.0,,
L1107_23,Product,L1107,23.0,,
L1107_24,Product,L1107,24.0,,
L1108_01,Product,L1108,1.0,,
L1108_02,Product,L1108,2.0,,
L1108_03,Product,L1108,3.0,,
L1108_04,Product,L1108,4.0,,
L1108_05,Product,L1108,5.0,,
L1108_06,Product,L1108,6.0,,
L1108_07,Product,L1108,7.0,,
L1108_08,Product,L1108,8.0,,
L1108_09,Product,L1108,9.0,,
L1108_10,Product,L1108,10.0,,
L1108_11,Product,L1108,11.0,,
L1108_12,Product,L1108,12.0,,
L1108_13,Product,L1108,13.0,,
L1108_14,Product,L1108,14.0,,
L1108_15,Product,L1108,15.0,,
L1108_16,Product,L1108,16.0,,
L1108_17,Product,L1108,17.0,,
L1108_18,Product,L1108,18.0,,
L1108_19,Product,L1108,19.0,,
L1108_20,Product,L1108,20.0,,
L1108_21,Product,L1108,21.0,,
L1108_22,Product,L1108,22.0,,
L1108_23,Product,L1108,23.0,,
L1108_24,Product,L1108,24.0,,
L1109_01,Product,L1109,1.0,,
L1109_02,Product,L1109,2.0,,
L1109_03,Product,L1109,3.0,,
L1109_04,Product,L1109,4.0,,
L1109_05,Product,L1109,5.0,,
L1109_06,Product,L1109,6.0,,
L1109_07,Product,L1109,7.0,,
L1109_08,Product,L1109,8.0,,
L1109_09,Product,L1109,9.0,,
L1109_10,Product,L1109,10.0,,
L1109_11,Product,L1109,11.0,,
L1109_12,Product,L1109,12.0,,
L1109_13,Product,L1109,13.0,,
L1109_14,Product,L1109,14.0,,
L1109_15,Product,L1109,15.0,,
L1109_16,Product,L1109,16.0,,
L1109_17,Product,L1109,17.0,,
L1109_18,Product,L1109,18.0,,
L1109_19,Product,L1109,19.0,,
L1109_20,Product,L1109,20.0,,
L1109_21,Product,L1109,21.0,,
L1109_22,Product,L1109,22.0,,
L1109_23,Product,L1109,23.0,,
L1109_24,Product,L1109,24.0,,
L1110_01,Product,L1110,1.0,,
L1110_02,Product,L1110,2.0,,
L1110_03,Product,L1110,3.0,,
L1110_04,Product,L1110,4.0,,
L1110_05,Product,L1110,5.0,,
L1110_06,Product,L1110,6.0,,
L1110_07,Product,L1110,7.0,,
L1110_08,Product,L1110,8.0,,
L1110_09,Product,L1110,9.0,,
L1110_10,Product,L1110,10.0,,
L1110_11,Product,L1110,11.0,,
L1110_12,Product,L1110,12.0,,
L1110_13,Product,L1110,13.0,,
L1110_14,Product,L1110,14.0,,
L1110_15,Product,L1110,15.0,,
L1110_16,Product,L1110,16.0,,
L1110_17,Product,L1110,17.0,,
L1110_18,Product,L1110,18.0,,
L1110_19,Product,L1110,19.0,,
L1110_20,Product,L1110,20.0,,
L1110_21,Product,L1110,21.0,,
L1110_22,Product,L1110,22.0,,
L1110_23,Product,L1110,23.0,,
L1110_24,Product,L1110,24.0,,
L1111_01,Product,L1111,1.0,,
L1111_02,Product,L1111,2.0,,
L1111_03,Product,L1111,3.0,,
L1111_04,Product,L1111,4.0,,
L1111_05,Product,L1111,5.0,,
L1111_06,Product,L1111,6.0,,
L1111_07,Product,L1111,7.0,,
L1111_08,Product,L1111,8.0,,
L1111_09,Product,L1111,9.0,,
L1111_10,Product,L1111,10.0,,
L1111_11,Product,L1111,11.0,,
L1111_12,Product,L1111,12.0,,
L1111_13,Product,L1111,13.0,,
L1111_14,Product,L1111,14.0,,
L1111_15,Product,L1111,15.0,,
L1111_16,Product,L1111,16.0,,
L1111_17,Product,L1111,17.0,,
L1111_18,Product,L1111,18.0,,
L1111_19,Product,L1111,19.0,,
L1111_20,Product,L1111,20.0,,
L1111_21,Product,L1111,21.0,,
L1111_22,Product,L1111,22.0,,
L1111_23,Product,L1111,23.0,,
L1111_24,Product,L1111,24.0,,
L1112_01,Product,L1112,1.0,,
L1112_02,Product,L1112,2.0,,
L1112_03,Product,L1112,3.0,,
L1112_04,Product,L1112,4.0,,
L1112_05,Product,L1112,5.0,,
L1112_06,Product,L1112,6.0,,
L1112_07,Product,L1112,7.0,,
L1112_08,Product,L1112,8.0,,
L1112_09,Product,L1112,9.0,,
L1112_10,Product,L1112,10.0,,
L1112_11,Product,L1112,11.0,,
L1112_12,Product,L1112,12.0,,
L1112_13,Product,L1112,13.0,,
L1112_14,Product,L1112,14.0,,
L1112_15,Product,L1112,15.0,,
L1112_16,Product,L1112,16.0,,
L1112_17,Product,L1112,17.0,,
L1112_18,Product,L1112,18.0,,
L1112_19,Product,L1112,19.0,,
L1112_20,Product,L1112,20.0,,
L1112_21,Product,L1112,21.0,,
L1112_22,Product,L1112,22.0,,
L1112_23,Product,L1112,23.0,,
L1112_24,Product,L1112,24.0,,
L1113_01,Product,L1113,1.0,,
L1113_02,Product,L1113,2.0,,
L1113_03,Product,L1113,3.0,,
L1113_04,Product,L1113,4.0,,
L1113_05,Product,L1113,5.0,,
L1113_06,Product,L1113,6.0,,
L1113_07,Product,L1113,7.0,,
L1113_08,Product,L1113,8.0,,
L1113_09,Product,L1113,9.0,,
L1113_10,Product,L1113,10.0,,
L1113_11,Product,L1113,11.0,,
L1113_12,Product,L1113,12.0,,
L1113_13,Product,L1113,13.0,,
L1113_14,Product,L1113,14.0,,
L1113_15,Product,L1113,15.0,,
L1113_16,Product,L1113,16.0,,
L1113_17,Product,L1113,17.0,,
L1113_18,Product,L1113,18.0,,
L1113_19,Product,L1113,19.0,,
L1113_20,Product,L1113,20.0,,
L1113_21,Product,L1113,21.0,,
L1113_22,Product,L1113,22.0,,
L1113_23,Product,L1113,23.0,,
L1113_24,Product,L1113,24.0,,
L1114_01,Product,L1114,1.0,,
L1114_02,Product,L1114,2.0,,
L1114_03,Product,L1114,3.0,,
L1114_04,Product,L1114,4.0,,
L1114_05,Product,L1114,5.0,,
L1114_06,Product,L1114,6.0,,
L1114_07,Product,L1114,7.0,,
L1114_08,Product,L1114,8.0,,
L1114_09,Product,L1114,9.0,,
L1114_10,Product,L1114,10.0,,
L1114_11,Product,L1114,11.0,,
L1114_12,Product,L1114,12.0,,
L1114_13,Product,L1114,13.0,,
L1114_14,Product,L1114,14.0,,
L1114_15,Product,L1114,15.0,,
L1114_16,Product,L1114,16.0,,
L1114_17,Product,L1114,17.0,,
L1114_18,Product,L1114,18.0,,
L1114_19,Product,L1114,19.0,,
L1114_20,Product,L1114,20.0,,
L1114_21,Product,L1114,21.0,,
L1114_22,Product,L1114,22.0,,
L1114_23,Product,L1114,23.0,,
L1114_24,Product,L1114,24.0,,
L1115_01,Product,L1115,1.0,,
L1115_02,Product,L1115,2.0,,
L1115_03,Product,L1115,3.0,,
L1115_04,Product,L1115,4.0,,
L1115_05,Product,L1115,5.0,,
L1115_06,Product,L1115,6.0,,
L1115_07,Product,L1115,7.0,,
L1115_08,Product,L1115,8.0,,
L1115_09,Product,L1115,9.0,,
L1115_10,Product,L1115,10.0,,
L1115_11,Product,L1115,11.0,,
L1115_12,Product,L1115,12.0,,
L1115_13,Product,L1115,13.0,,
L1115_14,Product,L1115,14.0,,
L1115_15,Product,L1115,15.0,,
L1115_16,Product,L1115,16.0,,
L1115_17,Product,L1115,17.0,,
L1115_18,Product,L1115,18.0,,
L1115_19,Product,L1115,19.0,,
L1115_20,Product,L1115,20.0,,
L1115_21,Product,L1115,21.0,,
L1115_22,Product,L1115,22.0,,
L1115_23,Product,L1115,23.0,,
L1115_24,Product,L1115,24.0,,
L1116_01,Product,L1116,1.0,,
L1116_02,Product,L1116,2.0,,
L1116_03,Product,L1116,3.0,,
L1116_04,Product,L1116,4.0,,
L1116_05,Product,L1116,5.0,,
L1116_06,Product,L1116,6.0,,
L1116_07,Product,L1116,7.0,,
L1116_08,Product,L1116,8.0,,
L1116_09,Product,L1116,9.0,,
L1116_10,Product,L1116,10.0,,
L1116_11,Product,L1116,11.0,,
L1116_12,Product,L1116,12.0,,
L1116_13,Product,L1116,13.0,,
L1116_14,Product,L1116,14.0,,
L1116_15,Product,L1116,15.0,,
L1116_16,Product,L1116,16.0,,
L1116_17,Product,L1116,17.0,,
L1116_18,Product,L1116,18.0,,
L1116_19,Product,L1116,19.0,,
L1116_20,Product,L1116,20.0,,
L1116_21,Product,L1116,21.0,,
L1116_22,Product,L1116,22.0,,
L1116_23,Product,L1116,23.0,,
L1116_24,Product,L1116,24.0,,
L1117_01,Product,L1117,1.0,,
L1117_02,Product,L1117,2.0,,
L1117_03,Product,L1117,3.0,,
L1117_04,Product,L1117,4.0,,
L1117_05,Product,L1117,5.0,,
L1117_06,Product,L1117,6.0,,
L1117_07,Product,L1117,7.0,,
L1117_08,Product,L1117,8.0,,
L1117_09,Product,L1117,9.0,,
L1117_10,Product,L1117,10.0,,
L1117_11,Product,L1117,11.0,,
L1117_12,Product,L1117,12.0,,
L1117_13,Product,L1117,13.0,,
L1117_14,Product,L1117,14.0,,
L1117_15,Product,L1117,15.0,,
L1117_16,Product,L1117,16.0,,
L1117_17,Product,L1117,17.0,,
L1117_18,Product,L1117,18.0,,
L1117_19,Product,L1117,19.0,,
L1117_20,Product,L1117,20.0,,
L1117_21,Product,L1117,21.0,,
L1117_22,Product,L1117,22.0,,
L1117_23,Product,L1117,23.0,,
L1117_24,Product,L1117,24.0,,
L1118_01,Product,L1118,1.0,,
L1118_02,Product,L1118,2.0,,
L1118_03,Product,L1118,3.0,,
L1118_04,Product,L1118,4.0,,
L1118_05,Product,L1118,5.0,,
L1118_06,Product,L1118,6.0,,
L1118_07,Product,L1118,7.0,,
L1118_08,Product,L1118,8.0,,
L1118_09,Product,L1118,9.0,,
L1118_10,Product,L1118,10.0,,
L1118_11,Product,L1118,11.0,,
L1118_12,Product,L1118,12.0,,
L1118_13,Product,L1118,13.0,,
L1118_14,Product,L1118,14.0,,
L1118_15,Product,L1118,15.0,,
L1118_16,Product,L1118,16.0,,
L1118_17,Product,L1118,17.0,,
L1118_18,Product,L1118,18.0,,
L1118_19,Product,L1118,19.0,,
L1118_20,Product,L1118,20.0,,
L1118_21,Product,L1118,21.0,,
L1118_22,Product,L1118,22.0,,
L1118_23,Product,L1118,23.0,,
L1118_24,Product,L1118,24.0,,
L1119_01,Product,L1119,1.0,,
L1119_02,Product,L1119,2.0,,
L1119_03,Product,L1119,3.0,,
L1119_04,Product,L1119,4.0,,
L1119_05,Product,L1119,5.0,,
L1119_06,Product,L1119,6.0,,
L1119_07,Product,L1119,7.0,,
L1119_08,Product,L1119,8.0,,
L1119_09,Product,L1119,9.0,,
L1119_10,Product,L1119,10.0,,
L1119_11,Product,L1119,11.0,,
L1119_12,Product,L1119,12.0,,
L1119_13,Product,L1119,13.0,,
L1119_14,Product,L1119,14.0,,
L1119_15,Product,L1119,15.0,,
L1119_16,Product,L1119,16.0,,
L1119_17,Product,L1119,17.0,,
L1119_18,Product,L1119,18.0,,
L1119_19,Product,L1119,19.0,,
L1119_20,Product,L1119,20.0,,
L1119_21,Product,L1119,21.0,,
L1119_22,Product,L1119,22.0,,
L1119_23,Product,L1119,23.0,,
L1119_24,Product,L1119,24.0,,
L1120_01,Product,L1120,1.0,,
L1120_02,Product,L1120,2.0,,
L1120_03,Product,L1120,3.0,,
L1120_04,Product,L1120,4.0,,
L1120_05,Product,L1120,5.0,,
L1120_06,Product,L1120,6.0,,
L1120_07,Product,L1120,7.0,,
L1120_08,Product,L1120,8.0,,
L1120_09,Product,L1120,9.0,,
L1120_10,Product,L1120,10.0,,
L1120_11,Product,L1120,11.0,,
L1120_12,Product,L1120,12.0,,
L1120_13,Product,L1120,13.0,,
L1120_14,Product,L1120,14.0,,
L1120_15,Product,L1120,15.0,,
L1120_16,Product,L1120,16.0,,
L1120_17,Product,L1120,17.0,,
L1120_18,Product,L1120,18.0,,
L1120_19,Product,L1120,19.0,,
L1120_20,Product,L1120,20.0,,
L1120_21,Product,L1120,21.0,,
L1120_22,Product,L1120,22.0,,
L1120_23,Product,L1120,23.0,,
L1120_24,Product,L1120,24.0,,
EQP_LP,Equipment,,,LP,
EQP_XFER,Equipment,,,XFER,
EQP_PM,Equipment,,,PROC,
EQP_MET,Equipment,,,MET,
LP3,Module,,,,LP
LP1,Module,,,,LP
LP2,Module,,,,LP
PM1,Module,,,,PM
PM2,Module,,,,PM
PM3,Module,,,,PM
LLM2,Module,,,,LLM
LLM1,Module,,,,LLM
PST2,Module,,,,PST
PST1,Module,,,,PST
